"date","shad","tempc","yday"
2024-01-01,NA,NA,1
2024-01-02,NA,NA,2
2024-01-03,NA,NA,3
2024-01-04,NA,NA,4
2024-01-05,NA,NA,5
2024-01-06,NA,NA,6
2024-01-07,NA,NA,7
2024-01-08,NA,NA,8
2024-01-09,NA,NA,9
2024-01-10,NA,NA,10
2024-01-11,NA,NA,11
2024-01-12,NA,NA,12
2024-01-13,NA,NA,13
2024-01-14,NA,NA,14
2024-01-15,NA,NA,15
2024-01-16,NA,NA,16
2024-01-17,NA,NA,17
2024-01-18,NA,NA,18
2024-01-19,NA,NA,19
2024-01-20,NA,NA,20
2024-01-21,NA,NA,21
2024-01-22,NA,NA,22
2024-01-23,NA,NA,23
2024-01-24,NA,NA,24
2024-01-25,NA,NA,25
2024-01-26,NA,NA,26
2024-01-27,NA,NA,27
2024-01-28,NA,NA,28
2024-01-29,NA,NA,29
2024-01-30,NA,NA,30
2024-01-31,NA,NA,31
2024-02-01,NA,NA,32
2024-02-02,NA,NA,33
2024-02-03,NA,NA,34
2024-02-04,NA,NA,35
2024-02-05,NA,NA,36
2024-02-06,NA,NA,37
2024-02-07,NA,NA,38
2024-02-08,NA,NA,39
2024-02-09,NA,NA,40
2024-02-10,NA,NA,41
2024-02-11,NA,NA,42
2024-02-12,NA,NA,43
2024-02-13,NA,NA,44
2024-02-14,NA,NA,45
2024-02-15,NA,NA,46
2024-02-16,NA,NA,47
2024-02-17,NA,NA,48
2024-02-18,NA,NA,49
2024-02-19,NA,NA,50
2024-02-20,NA,NA,51
2024-02-21,NA,NA,52
2024-02-22,NA,NA,53
2024-02-23,NA,NA,54
2024-02-24,NA,NA,55
2024-02-25,NA,NA,56
2024-02-26,NA,NA,57
2024-02-27,NA,NA,58
2024-02-28,NA,NA,59
2024-02-29,NA,NA,60
2024-03-01,NA,NA,61
2024-03-02,NA,NA,62
2024-03-03,NA,NA,63
2024-03-04,NA,NA,64
2024-03-05,NA,NA,65
2024-03-06,NA,NA,66
2024-03-07,NA,NA,67
2024-03-08,NA,NA,68
2024-03-09,NA,NA,69
2024-03-10,NA,NA,70
2024-03-11,NA,NA,71
2024-03-12,NA,NA,72
2024-03-13,NA,NA,73
2024-03-14,NA,NA,74
2024-03-15,NA,NA,75
2024-03-16,NA,NA,76
2024-03-17,NA,NA,77
2024-03-18,NA,NA,78
2024-03-19,NA,NA,79
2024-03-20,NA,NA,80
2024-03-21,NA,NA,81
2024-03-22,NA,NA,82
2024-03-23,NA,NA,83
2024-03-24,NA,NA,84
2024-03-25,NA,NA,85
2024-03-26,NA,NA,86
2024-03-27,NA,8.2,87
2024-03-28,NA,8.2,88
2024-03-29,NA,8.4,89
2024-03-30,NA,8.6,90
2024-03-31,NA,8.8,91
2024-04-01,NA,8.9,92
2024-04-02,NA,9.3,93
2024-04-03,NA,9.5,94
2024-04-04,NA,9.4,95
2024-04-05,NA,9.3,96
2024-04-06,NA,9.1,97
2024-04-07,NA,9.1,98
2024-04-08,NA,9.2,99
2024-04-09,NA,9.4,100
2024-04-10,NA,9.7,101
2024-04-11,NA,9.9,102
2024-04-12,NA,10,103
2024-04-13,NA,9.9,104
2024-04-14,NA,10,105
2024-04-15,NA,10.1,106
2024-04-16,NA,10.2,107
2024-04-17,NA,10.3,108
2024-04-18,NA,10.5,109
2024-04-19,NA,10.7,110
2024-04-20,NA,10.9,111
2024-04-21,NA,11.2,112
2024-04-22,NA,11.3,113
2024-04-23,NA,11.3,114
2024-04-24,NA,11.3,115
2024-04-25,NA,11.4,116
2024-04-26,NA,11.6,117
2024-04-27,NA,11.8,118
2024-04-28,NA,11.8,119
2024-04-29,NA,11.7,120
2024-04-30,NA,11.6,121
2024-05-01,NA,11.6,122
2024-05-02,NA,11.8,123
2024-05-03,NA,11.9,124
2024-05-04,NA,12.1,125
2024-05-05,NA,11.9,126
2024-05-06,NA,11.8,127
2024-05-07,NA,11.7,128
2024-05-08,NA,11.8,129
2024-05-09,15,12.2,130
2024-05-10,133,12.6,131
2024-05-11,241,12.9,132
2024-05-12,58,13.2,133
2024-05-13,281,13.4,134
2024-05-14,812,13.4,135
2024-05-15,1891,13.5,136
2024-05-16,2971,14,137
2024-05-17,6484,14.2,138
2024-05-18,9075,14.3,139
2024-05-19,7508,14.4,140
2024-05-20,4972,14.5,141
2024-05-21,4791,14.5,142
2024-05-22,2809,14.2,143
2024-05-23,12175,14.2,144
2024-05-24,14203,14.4,145
2024-05-25,20911,14.4,146
2024-05-26,27083,14.4,147
2024-05-27,37101,14.7,148
2024-05-28,44064,14.7,149
2024-05-29,21358,14.5,150
2024-05-30,10054,14.5,151
2024-05-31,22214,14.9,152
2024-06-01,41482,15.1,153
2024-06-02,39750,15,154
2024-06-03,33571,14.9,155
2024-06-04,22651,14.6,156
2024-06-05,16142,14.9,157
2024-06-06,72072,15.3,158
2024-06-07,66717,15.6,159
2024-06-08,119530,15.7,160
2024-06-09,52709,15.8,161
2024-06-10,53487,15.9,162
2024-06-11,122408,16,163
2024-06-12,93429,16.1,164
2024-06-13,143381,16.3,165
2024-06-14,106835,16.4,166
2024-06-15,103243,16.4,167
2024-06-16,115427,16.4,168
2024-06-17,189006,16.3,169
2024-06-18,91442,16.4,170
2024-06-19,101828,16.7,171
2024-06-20,113093,17,172
2024-06-21,125399,17.4,173
2024-06-22,115971,17.6,174
2024-06-23,109017,17.5,175
2024-06-24,76191,17.4,176
2024-06-25,63301,17.4,177
2024-06-26,77231,17.5,178
2024-06-27,87713,17.5,179
2024-06-28,61097,17.8,180
2024-06-29,85662,18.1,181
2024-06-30,60794,18.1,182
2024-07-01,49840,18.6,183
2024-07-02,33128,18.7,184
2024-07-03,24665,18.6,185
2024-07-04,18978,18.9,186
2024-07-05,19383,19.4,187
2024-07-06,19437,19.8,188
2024-07-07,14195,20.1,189
2024-07-08,12190,20.4,190
2024-07-09,6624,20.7,191
2024-07-10,5348,20.6,192
2024-07-11,3858,20.5,193
2024-07-12,3228,20.7,194
2024-07-13,2437,20.9,195
2024-07-14,1830,21,196
2024-07-15,1177,21.2,197
2024-07-16,1240,21.3,198
2024-07-17,1353,21.3,199
2024-07-18,993,21.2,200
2024-07-19,508,21.5,201
2024-07-20,408,21.8,202
2024-07-21,566,21.9,203
2024-07-22,397,21.4,204
2024-07-23,234,21.3,205
2024-07-24,192,21.3,206
2024-07-25,205,21.2,207
2024-07-26,136,21.2,208
2024-07-27,311,21.3,209
2024-07-28,165,21.1,210
2024-07-29,238,21.1,211
2024-07-30,201,21.2,212
2024-07-31,98,21.4,213
2024-08-01,186,21.7,214
2024-08-02,114,22.1,215
2024-08-03,118,22.1,216
2024-08-04,109,22,217
2024-08-05,108,22,218
2024-08-06,87,21.6,219
2024-08-07,74,21.3,220
2024-08-08,71,21.6,221
2024-08-09,112,21.8,222
2024-08-10,92,21.8,223
2024-08-11,52,22,224
2024-08-12,69,21.8,225
2024-08-13,62,21.4,226
2024-08-14,27,21.2,227
2024-08-15,64,21.2,228
2024-08-16,54,21.2,229
2024-08-17,26,21.3,230
2024-08-18,17,21.6,231
2024-08-19,27,21.5,232
2024-08-20,NA,21.6,233
2024-08-21,20,21.4,234
2024-08-22,30,21.4,235
2024-08-23,7,21,236
2024-08-24,21,20.7,237
2024-08-25,7,20.6,238
2024-08-26,4,20.7,239
2024-08-27,8,20.6,240
2024-08-28,2,20.5,241
2024-08-29,12,20.4,242
2024-08-30,6,20.6,243
2024-08-31,17,20.6,244
2024-09-01,NA,20.9,245
2024-09-02,NA,20.9,246
2024-09-03,NA,20.7,247
2024-09-04,NA,20.7,248
2024-09-05,NA,20.8,249
2024-09-06,NA,20.9,250
2024-09-07,NA,21,251
2024-09-08,NA,21,252
2024-09-09,NA,21.1,253
2024-09-10,NA,21.1,254
2024-09-11,NA,20.8,255
2024-09-12,NA,20.5,256
2024-09-13,NA,20.1,257
2024-09-14,NA,20,258
2024-09-15,NA,19.8,259
2024-09-16,NA,19.7,260
2024-09-17,NA,19.5,261
2024-09-18,NA,19.2,262
2024-09-19,NA,19.2,263
2024-09-20,NA,19.1,264
2024-09-21,NA,18.9,265
2024-09-22,NA,18.9,266
2024-09-23,NA,19,267
2024-09-24,NA,19.3,268
2024-09-25,NA,19.5,269
2024-09-26,NA,NA,270
2024-09-27,NA,NA,271
2024-09-28,NA,NA,272
2024-09-29,NA,NA,273
2024-09-30,NA,NA,274
2024-10-01,NA,NA,275
2024-10-02,NA,NA,276
2024-10-03,NA,NA,277
2024-10-04,NA,NA,278
2024-10-05,NA,NA,279
2024-10-06,NA,NA,280
2024-10-07,NA,NA,281
2024-10-08,NA,NA,282
2024-10-09,NA,NA,283
2024-10-10,NA,NA,284
2024-10-11,NA,NA,285
2024-10-12,NA,NA,286
2024-10-13,NA,NA,287
2024-10-14,NA,NA,288
2024-10-15,NA,NA,289
2024-10-16,NA,NA,290
2024-10-17,NA,NA,291
2024-10-18,NA,NA,292
2024-10-19,NA,NA,293
2024-10-20,NA,NA,294
2024-10-21,NA,NA,295
2024-10-22,NA,NA,296
2024-10-23,NA,NA,297
2024-10-24,NA,NA,298
2024-10-25,NA,NA,299
2024-10-26,NA,NA,300
2024-10-27,NA,NA,301
2024-10-28,NA,NA,302
2024-10-29,NA,NA,303
2024-10-30,NA,NA,304
2024-10-31,NA,NA,305
2024-11-01,NA,NA,306
2024-11-02,NA,NA,307
2024-11-03,NA,NA,308
2024-11-04,NA,NA,309
2024-11-05,NA,NA,310
2024-11-06,NA,NA,311
2024-11-07,NA,NA,312
2024-11-08,NA,NA,313
2024-11-09,NA,NA,314
2024-11-10,NA,NA,315
2024-11-11,NA,NA,316
2024-11-12,NA,NA,317
2024-11-13,NA,NA,318
2024-11-14,NA,NA,319
2024-11-15,NA,NA,320
2024-11-16,NA,NA,321
2024-11-17,NA,NA,322
2024-11-18,NA,NA,323
2024-11-19,NA,NA,324
2024-11-20,NA,NA,325
2024-11-21,NA,NA,326
2024-11-22,NA,NA,327
2024-11-23,NA,NA,328
2024-11-24,NA,NA,329
2024-11-25,NA,NA,330
2024-11-26,NA,NA,331
2024-11-27,NA,NA,332
2024-11-28,NA,NA,333
2024-11-29,NA,NA,334
2024-11-30,NA,NA,335
2024-12-01,NA,NA,336
2024-12-02,NA,NA,337
2024-12-03,NA,NA,338
2024-12-04,NA,NA,339
2024-12-05,NA,NA,340
2024-12-06,NA,NA,341
2024-12-07,NA,NA,342
2024-12-08,NA,NA,343
2024-12-09,NA,NA,344
2024-12-10,NA,NA,345
2024-12-11,NA,NA,346
2024-12-12,NA,NA,347
2024-12-13,NA,NA,348
2024-12-14,NA,NA,349
2024-12-15,NA,NA,350
2024-12-16,NA,NA,351
2024-12-17,NA,NA,352
2024-12-18,NA,NA,353
2024-12-19,NA,NA,354
2024-12-20,NA,NA,355
2024-12-21,NA,NA,356
2024-12-22,NA,NA,357
2024-12-23,NA,NA,358
2024-12-24,NA,NA,359
2024-12-25,NA,NA,360
2024-12-26,NA,NA,361
2024-12-27,NA,NA,362
2024-12-28,NA,NA,363
2024-12-29,NA,NA,364
2024-12-30,NA,NA,365
2024-12-31,NA,NA,366
NA,NA,NA,NA
NA,NA,NA,NA
NA,NA,NA,NA
NA,NA,NA,NA
NA,NA,NA,NA
NA,NA,NA,NA
NA,NA,NA,NA
NA,NA,NA,NA
NA,NA,NA,NA
NA,NA,NA,NA
NA,NA,NA,NA
NA,NA,NA,NA
NA,NA,NA,NA
NA,NA,NA,NA
NA,NA,NA,NA
NA,NA,NA,NA
NA,NA,NA,NA
NA,NA,NA,NA
NA,NA,NA,NA
NA,NA,NA,NA
NA,NA,NA,NA
NA,NA,NA,NA
2023-01-01,NA,NA,1
2023-01-02,NA,NA,2
2023-01-03,NA,NA,3
2023-01-04,NA,NA,4
2023-01-05,NA,NA,5
2023-01-06,NA,NA,6
2023-01-07,NA,NA,7
2023-01-08,NA,NA,8
2023-01-09,NA,NA,9
2023-01-10,NA,NA,10
2023-01-11,NA,NA,11
2023-01-12,NA,NA,12
2023-01-13,NA,NA,13
2023-01-14,NA,NA,14
2023-01-15,NA,NA,15
2023-01-16,NA,NA,16
2023-01-17,NA,NA,17
2023-01-18,NA,NA,18
2023-01-19,NA,NA,19
2023-01-20,NA,NA,20
2023-01-21,NA,NA,21
2023-01-22,NA,NA,22
2023-01-23,NA,NA,23
2023-01-24,NA,NA,24
2023-01-25,NA,NA,25
2023-01-26,NA,NA,26
2023-01-27,NA,NA,27
2023-01-28,NA,NA,28
2023-01-29,NA,NA,29
2023-01-30,NA,NA,30
2023-01-31,NA,NA,31
2023-02-01,NA,NA,32
2023-02-02,NA,NA,33
2023-02-03,NA,NA,34
2023-02-04,NA,NA,35
2023-02-05,NA,NA,36
2023-02-06,NA,NA,37
2023-02-07,NA,NA,38
2023-02-08,NA,NA,39
2023-02-09,NA,NA,40
2023-02-10,NA,NA,41
2023-02-11,NA,NA,42
2023-02-12,NA,NA,43
2023-02-13,NA,NA,44
2023-02-14,NA,NA,45
2023-02-15,NA,NA,46
2023-02-16,NA,NA,47
2023-02-17,NA,NA,48
2023-02-18,NA,NA,49
2023-02-19,NA,NA,50
2023-02-20,NA,NA,51
2023-02-21,NA,NA,52
2023-02-22,NA,NA,53
2023-02-23,NA,NA,54
2023-02-24,NA,NA,55
2023-02-25,NA,NA,56
2023-02-26,NA,NA,57
2023-02-27,NA,NA,58
2023-02-28,NA,NA,59
2023-03-01,NA,NA,60
2023-03-02,NA,NA,61
2023-03-03,NA,NA,62
2023-03-04,NA,NA,63
2023-03-05,NA,NA,64
2023-03-06,NA,NA,65
2023-03-07,NA,NA,66
2023-03-08,NA,NA,67
2023-03-09,NA,NA,68
2023-03-10,NA,NA,69
2023-03-11,NA,NA,70
2023-03-12,NA,NA,71
2023-03-13,NA,NA,72
2023-03-14,NA,NA,73
2023-03-15,NA,NA,74
2023-03-16,NA,NA,75
2023-03-17,NA,NA,76
2023-03-18,NA,NA,77
2023-03-19,NA,NA,78
2023-03-20,NA,NA,79
2023-03-21,NA,NA,80
2023-03-22,NA,NA,81
2023-03-23,NA,NA,82
2023-03-24,NA,NA,83
2023-03-25,NA,NA,84
2023-03-26,NA,NA,85
2023-03-27,NA,NA,86
2023-03-28,NA,NA,87
2023-03-29,NA,NA,88
2023-03-30,NA,NA,89
2023-03-31,NA,NA,90
2023-04-01,NA,NA,91
2023-04-02,NA,NA,92
2023-04-03,NA,NA,93
2023-04-04,NA,7,94
2023-04-05,NA,7.1,95
2023-04-06,NA,7.2,96
2023-04-07,NA,7.3,97
2023-04-08,NA,7.5,98
2023-04-09,NA,7.7,99
2023-04-10,NA,7.7,100
2023-04-11,NA,7.7,101
2023-04-12,NA,7.7,102
2023-04-13,NA,7.7,103
2023-04-14,NA,8,104
2023-04-15,NA,8.2,105
2023-04-16,NA,8.4,106
2023-04-17,NA,8.5,107
2023-04-18,NA,8.5,108
2023-04-19,NA,8.6,109
2023-04-20,NA,8.6,110
2023-04-21,NA,8.7,111
2023-04-22,NA,9,112
2023-04-23,NA,9.3,113
2023-04-24,NA,9.6,114
2023-04-25,NA,9.9,115
2023-04-26,NA,10.3,116
2023-04-27,NA,10.6,117
2023-04-28,NA,10.8,118
2023-04-29,NA,11.1,119
2023-04-30,NA,11.2,120
2023-05-01,NA,11.4,121
2023-05-02,NA,11.2,122
2023-05-03,NA,11.6,123
2023-05-04,NA,11.8,124
2023-05-05,NA,11.9,125
2023-05-06,NA,12.1,126
2023-05-07,NA,12.3,127
2023-05-08,NA,12.3,128
2023-05-09,NA,12.4,129
2023-05-10,NA,12.4,130
2023-05-11,NA,12.7,131
2023-05-12,NA,12.9,132
2023-05-13,27,13.2,133
2023-05-14,272,13.4,134
2023-05-15,1732,13.5,135
2023-05-16,1422,13.5,136
2023-05-17,667,13.4,137
2023-05-18,335,13.6,138
2023-05-19,262,13.8,139
2023-05-20,338,14.1,140
2023-05-21,435,14.3,141
2023-05-22,134,14,142
2023-05-23,297,14.1,143
2023-05-24,920,14.4,144
2023-05-25,12937,14.8,145
2023-05-26,29552,15,146
2023-05-27,17283,15,147
2023-05-28,14802,15,148
2023-05-29,14460,15.1,149
2023-05-30,17491,15.2,150
2023-05-31,26216,15.1,151
2023-06-01,20080,15.2,152
2023-06-02,30153,15.5,153
2023-06-03,56565,15.8,154
2023-06-04,79000,16,155
2023-06-05,131912,16.2,156
2023-06-06,86293,16.5,157
2023-06-07,108180,16.9,158
2023-06-08,105043,17,159
2023-06-09,64482,16.9,160
2023-06-10,116412,16.8,161
2023-06-11,164756,17.1,162
2023-06-12,217682,17.6,163
2023-06-13,233899,18,164
2023-06-14,179647,17.8,165
2023-06-15,96889,17.5,166
2023-06-16,94374,17.5,167
2023-06-17,172143,17.7,168
2023-06-18,128365,17.7,169
2023-06-19,121285,17.5,170
2023-06-20,193296,17.4,171
2023-06-21,251974,17.5,172
2023-06-22,291613,17.9,173
2023-06-23,214656,18.2,174
2023-06-24,188533,18.6,175
2023-06-25,180251,18.8,176
2023-06-26,160921,18.9,177
2023-06-27,100570,18.7,178
2023-06-28,63069,18.7,179
2023-06-29,59399,18.9,180
2023-06-30,47797,19.1,181
2023-07-01,45432,19.3,182
2023-07-02,38230,19.4,183
2023-07-03,40587,19.6,184
2023-07-04,33885,19.8,185
2023-07-05,24008,20.1,186
2023-07-06,17741,20.6,187
2023-07-07,9187,20.8,188
2023-07-08,6625,20.7,189
2023-07-09,5518,20.8,190
2023-07-10,4462,20.6,191
2023-07-11,2988,20.5,192
2023-07-12,3195,20.6,193
2023-07-13,2074,21,194
2023-07-14,1614,21.3,195
2023-07-15,2062,21.7,196
2023-07-16,1336,21.9,197
2023-07-17,1307,21.7,198
2023-07-18,536,21.8,199
2023-07-19,522,21.9,200
2023-07-20,753,21.8,201
2023-07-21,346,21.9,202
2023-07-22,317,22.1,203
2023-07-23,387,22.4,204
2023-07-24,549,22.3,205
2023-07-25,418,22,206
2023-07-26,385,22.1,207
2023-07-27,284,21.9,208
2023-07-28,132,21.9,209
2023-07-29,135,22,210
2023-07-30,161,21.8,211
2023-07-31,131,21.8,212
2023-08-01,96,21.8,213
2023-08-02,73,21.8,214
2023-08-03,42,21.7,215
2023-08-04,36,21.7,216
2023-08-05,104,21.7,217
2023-08-06,71,21.7,218
2023-08-07,74,21.7,219
2023-08-08,67,21.8,220
2023-08-09,57,21.8,221
2023-08-10,38,21.9,222
2023-08-11,31,21.8,223
2023-08-12,49,21.9,224
2023-08-13,40,22.1,225
2023-08-14,84,22.4,226
2023-08-15,40,22.6,227
2023-08-16,40,22.9,228
2023-08-17,77,22.9,229
2023-08-18,19,22.4,230
2023-08-19,25,21.9,231
2023-08-20,21,21.7,232
2023-08-21,26,21.6,233
2023-08-22,14,21.4,234
2023-08-23,5,21.6,235
2023-08-24,9,21.6,236
2023-08-25,20,21.7,237
2023-08-26,37,22,238
2023-08-27,5,22.2,239
2023-08-28,15,22.1,240
2023-08-29,8,21.7,241
2023-08-30,8,21.5,242
2023-08-31,14,21.4,243
2023-09-01,NA,21.4,244
2023-09-02,NA,21.1,245
2023-09-03,NA,21.1,246
2023-09-04,NA,20.7,247
2023-09-05,NA,20.4,248
2023-09-06,NA,20.3,249
2023-09-07,NA,20.2,250
2023-09-08,NA,20.3,251
2023-09-09,NA,20.2,252
2023-09-10,NA,20.2,253
2023-09-11,NA,20.3,254
2023-09-12,NA,20.3,255
2023-09-13,NA,20.3,256
2023-09-14,NA,20.3,257
2023-09-15,NA,20.3,258
2023-09-16,NA,20.4,259
2023-09-17,NA,20.3,260
2023-09-18,NA,20.1,261
2023-09-19,NA,19.8,262
2023-09-20,NA,NA,263
2023-09-21,NA,NA,264
2023-09-22,NA,NA,265
2023-09-23,NA,NA,266
2023-09-24,NA,NA,267
2023-09-25,NA,NA,268
2023-09-26,NA,NA,269
2023-09-27,NA,NA,270
2023-09-28,NA,NA,271
2023-09-29,NA,NA,272
2023-09-30,NA,NA,273
2023-10-01,NA,NA,274
2023-10-02,NA,NA,275
2023-10-03,NA,NA,276
2023-10-04,NA,NA,277
2023-10-05,NA,NA,278
2023-10-06,NA,NA,279
2023-10-07,NA,NA,280
2023-10-08,NA,NA,281
2023-10-09,NA,NA,282
2023-10-10,NA,NA,283
2023-10-11,NA,NA,284
2023-10-12,NA,NA,285
2023-10-13,NA,NA,286
2023-10-14,NA,NA,287
2023-10-15,NA,NA,288
2023-10-16,NA,NA,289
2023-10-17,NA,NA,290
2023-10-18,NA,NA,291
2023-10-19,NA,NA,292
2023-10-20,NA,NA,293
2023-10-21,NA,NA,294
2023-10-22,NA,NA,295
2023-10-23,NA,NA,296
2023-10-24,NA,NA,297
2023-10-25,NA,NA,298
2023-10-26,NA,NA,299
2023-10-27,NA,NA,300
2023-10-28,NA,NA,301
2023-10-29,NA,NA,302
2023-10-30,NA,NA,303
2023-10-31,NA,NA,304
2023-11-01,NA,NA,305
2023-11-02,NA,NA,306
2023-11-03,NA,NA,307
2023-11-04,NA,NA,308
2023-11-05,NA,NA,309
2023-11-06,NA,NA,310
2023-11-07,NA,NA,311
2023-11-08,NA,NA,312
2023-11-09,NA,NA,313
2023-11-10,NA,NA,314
2023-11-11,NA,NA,315
2023-11-12,NA,NA,316
2023-11-13,NA,NA,317
2023-11-14,NA,NA,318
2023-11-15,NA,NA,319
2023-11-16,NA,NA,320
2023-11-17,NA,NA,321
2023-11-18,NA,NA,322
2023-11-19,NA,NA,323
2023-11-20,NA,NA,324
2023-11-21,NA,NA,325
2023-11-22,NA,NA,326
2023-11-23,NA,NA,327
2023-11-24,NA,NA,328
2023-11-25,NA,NA,329
2023-11-26,NA,NA,330
2023-11-27,NA,NA,331
2023-11-28,NA,NA,332
2023-11-29,NA,NA,333
2023-11-30,NA,NA,334
2023-12-01,NA,NA,335
2023-12-02,NA,NA,336
2023-12-03,NA,NA,337
2023-12-04,NA,NA,338
2023-12-05,NA,NA,339
2023-12-06,NA,NA,340
2023-12-07,NA,NA,341
2023-12-08,NA,NA,342
2023-12-09,NA,NA,343
2023-12-10,NA,NA,344
2023-12-11,NA,NA,345
2023-12-12,NA,NA,346
2023-12-13,NA,NA,347
2023-12-14,NA,NA,348
2023-12-15,NA,NA,349
2023-12-16,NA,NA,350
2023-12-17,NA,NA,351
2023-12-18,NA,NA,352
2023-12-19,NA,NA,353
2023-12-20,NA,NA,354
2023-12-21,NA,NA,355
2023-12-22,NA,NA,356
2023-12-23,NA,NA,357
2023-12-24,NA,NA,358
2023-12-25,NA,NA,359
2023-12-26,NA,NA,360
2023-12-27,NA,NA,361
2023-12-28,NA,NA,362
2023-12-29,NA,NA,363
2023-12-30,NA,NA,364
2023-12-31,NA,NA,365
NA,NA,NA,NA
NA,NA,NA,NA
NA,NA,NA,NA
NA,NA,NA,NA
NA,NA,NA,NA
NA,NA,NA,NA
NA,NA,NA,NA
NA,NA,NA,NA
NA,NA,NA,NA
NA,NA,NA,NA
NA,NA,NA,NA
NA,NA,NA,NA
NA,NA,NA,NA
NA,NA,NA,NA
NA,NA,NA,NA
NA,NA,NA,NA
NA,NA,NA,NA
NA,NA,NA,NA
NA,NA,NA,NA
NA,NA,NA,NA
NA,NA,NA,NA
NA,NA,NA,NA
2022-01-01,NA,NA,1
2022-01-02,NA,NA,2
2022-01-03,NA,NA,3
2022-01-04,NA,NA,4
2022-01-05,NA,NA,5
2022-01-06,NA,NA,6
2022-01-07,NA,NA,7
2022-01-08,NA,NA,8
2022-01-09,NA,NA,9
2022-01-10,NA,NA,10
2022-01-11,NA,NA,11
2022-01-12,NA,NA,12
2022-01-13,NA,NA,13
2022-01-14,NA,NA,14
2022-01-15,NA,NA,15
2022-01-16,NA,NA,16
2022-01-17,NA,NA,17
2022-01-18,NA,NA,18
2022-01-19,NA,NA,19
2022-01-20,NA,NA,20
2022-01-21,NA,NA,21
2022-01-22,NA,NA,22
2022-01-23,NA,NA,23
2022-01-24,NA,NA,24
2022-01-25,NA,NA,25
2022-01-26,NA,NA,26
2022-01-27,NA,NA,27
2022-01-28,NA,NA,28
2022-01-29,NA,NA,29
2022-01-30,NA,NA,30
2022-01-31,NA,NA,31
2022-02-01,NA,NA,32
2022-02-02,NA,NA,33
2022-02-03,NA,NA,34
2022-02-04,NA,NA,35
2022-02-05,NA,NA,36
2022-02-06,NA,NA,37
2022-02-07,NA,NA,38
2022-02-08,NA,NA,39
2022-02-09,NA,NA,40
2022-02-10,NA,NA,41
2022-02-11,NA,NA,42
2022-02-12,NA,NA,43
2022-02-13,NA,NA,44
2022-02-14,NA,NA,45
2022-02-15,NA,NA,46
2022-02-16,NA,NA,47
2022-02-17,NA,NA,48
2022-02-18,NA,NA,49
2022-02-19,NA,NA,50
2022-02-20,NA,NA,51
2022-02-21,NA,NA,52
2022-02-22,NA,NA,53
2022-02-23,NA,NA,54
2022-02-24,NA,NA,55
2022-02-25,NA,NA,56
2022-02-26,NA,NA,57
2022-02-27,NA,NA,58
2022-02-28,NA,NA,59
2022-03-01,NA,NA,60
2022-03-02,NA,NA,61
2022-03-03,NA,NA,62
2022-03-04,NA,NA,63
2022-03-05,NA,NA,64
2022-03-06,NA,NA,65
2022-03-07,NA,NA,66
2022-03-08,NA,NA,67
2022-03-09,NA,NA,68
2022-03-10,NA,NA,69
2022-03-11,NA,NA,70
2022-03-12,NA,NA,71
2022-03-13,NA,NA,72
2022-03-14,NA,NA,73
2022-03-15,NA,NA,74
2022-03-16,NA,NA,75
2022-03-17,NA,NA,76
2022-03-18,NA,NA,77
2022-03-19,NA,NA,78
2022-03-20,NA,NA,79
2022-03-21,NA,NA,80
2022-03-22,NA,NA,81
2022-03-23,NA,NA,82
2022-03-24,NA,NA,83
2022-03-25,NA,NA,84
2022-03-26,NA,NA,85
2022-03-27,NA,NA,86
2022-03-28,NA,NA,87
2022-03-29,NA,NA,88
2022-03-30,NA,NA,89
2022-03-31,NA,8.2,90
2022-04-01,NA,8.1,91
2022-04-02,NA,8.1,92
2022-04-03,NA,8.2,93
2022-04-04,NA,8.3,94
2022-04-05,NA,8.3,95
2022-04-06,NA,8.4,96
2022-04-07,NA,8.6,97
2022-04-08,NA,8.7,98
2022-04-09,NA,8.8,99
2022-04-10,NA,8.7,100
2022-04-11,NA,8.6,101
2022-04-12,NA,8.4,102
2022-04-13,NA,8.4,103
2022-04-14,NA,8.5,104
2022-04-15,NA,8.7,105
2022-04-16,NA,8.8,106
2022-04-17,NA,8.8,107
2022-04-18,NA,8.9,108
2022-04-19,NA,8.9,109
2022-04-20,NA,8.7,110
2022-04-21,NA,8.7,111
2022-04-22,NA,8.9,112
2022-04-23,NA,9.2,113
2022-04-24,NA,9.5,114
2022-04-25,NA,9.7,115
2022-04-26,NA,9.6,116
2022-04-27,NA,9.6,117
2022-04-28,NA,9.7,118
2022-04-29,NA,9.7,119
2022-04-30,NA,9.9,120
2022-05-01,NA,10.1,121
2022-05-02,NA,10.5,122
2022-05-03,NA,10.6,123
2022-05-04,NA,10.9,124
2022-05-05,NA,11.1,125
2022-05-06,NA,11.1,126
2022-05-07,NA,11.1,127
2022-05-08,NA,11.2,128
2022-05-09,NA,11.3,129
2022-05-10,NA,11.3,130
2022-05-11,NA,11.2,131
2022-05-12,2,11.6,132
2022-05-13,NA,11.5,133
2022-05-14,NA,11.6,134
2022-05-15,5,11.8,135
2022-05-16,244,12.1,136
2022-05-17,331,12.4,137
2022-05-18,443,12.5,138
2022-05-19,340,12.4,139
2022-05-20,192,12.4,140
2022-05-21,2976,12.6,141
2022-05-22,2579,12.8,142
2022-05-23,2932,13,143
2022-05-24,3544,13,144
2022-05-25,3884,12.9,145
2022-05-26,7890,13.1,146
2022-05-27,6632,13.1,147
2022-05-28,7195,13,148
2022-05-29,7965,12.9,149
2022-05-30,8319,13.1,150
2022-05-31,10697,13.3,151
2022-06-01,22050,13.5,152
2022-06-02,67677,13.7,153
2022-06-03,38031,13.5,154
2022-06-04,27232,13.3,155
2022-06-05,62720,13.4,156
2022-06-06,125901,13.8,157
2022-06-07,194476,14.1,158
2022-06-08,279068,14.5,159
2022-06-09,219250,14.6,160
2022-06-10,133145,14.4,161
2022-06-11,125633,14.3,162
2022-06-12,152269,14.3,163
2022-06-13,219883,13.1,164
2022-06-14,136971,13.4,165
2022-06-15,89013,13.9,166
2022-06-16,125465,13.8,167
2022-06-17,176463,13.8,168
2022-06-18,150415,13.7,169
2022-06-19,208725,14,170
2022-06-20,224359,14.2,171
2022-06-21,177874,14.3,172
2022-06-22,216236,14.5,173
2022-06-23,146924,14.6,174
2022-06-24,186388,14.7,175
2022-06-25,247506,15,176
2022-06-26,299871,15.5,177
2022-06-27,282377,16,178
2022-06-28,262963,16.3,179
2022-06-29,300024,16.5,180
2022-06-30,252042,16.7,181
2022-07-01,348717,17,182
2022-07-02,210492,17.2,183
2022-07-03,100021,17.2,184
2022-07-04,42776,17.2,185
2022-07-05,39335,17.2,186
2022-07-06,29488,16.6,187
2022-07-07,23202,16.9,188
2022-07-08,28168,17.9,189
2022-07-09,26344,18.1,190
2022-07-10,18635,18.4,191
2022-07-11,15413,18.6,192
2022-07-12,13505,18.9,193
2022-07-13,9239,19,194
2022-07-14,7433,18.9,195
2022-07-15,5771,18.9,196
2022-07-16,6331,19.2,197
2022-07-17,4486,19.3,198
2022-07-18,3640,19.1,199
2022-07-19,2645,19.3,200
2022-07-20,3426,19.6,201
2022-07-21,3543,20,202
2022-07-22,2534,19.9,203
2022-07-23,2073,19.8,204
2022-07-24,1800,19.9,205
2022-07-25,1949,20.3,206
2022-07-26,1367,20.8,207
2022-07-27,1362,21.2,208
2022-07-28,923,21.3,209
2022-07-29,681,21.7,210
2022-07-30,396,21.9,211
2022-07-31,326,22,212
2022-08-01,219,22.1,213
2022-08-02,205,22.1,214
2022-08-03,178,22.1,215
2022-08-04,168,21.8,216
2022-08-05,87,21.8,217
2022-08-06,101,22,218
2022-08-07,43,22,219
2022-08-08,77,22.3,220
2022-08-09,62,22.2,221
2022-08-10,45,21.9,222
2022-08-11,60,21.9,223
2022-08-12,30,21.9,224
2022-08-13,19,21.6,225
2022-08-14,60,21.6,226
2022-08-15,7,21.7,227
2022-08-16,46,21.8,228
2022-08-17,80,21.9,229
2022-08-18,52,22.1,230
2022-08-19,54,22.1,231
2022-08-20,17,22.2,232
2022-08-21,28,22.1,233
2022-08-22,20,22,234
2022-08-23,17,21.9,235
2022-08-24,21,22.1,236
2022-08-25,16,22.2,237
2022-08-26,13,22.2,238
2022-08-27,6,21.8,239
2022-08-28,5,21.5,240
2022-08-29,4,21.4,241
2022-08-30,6,21.6,242
2022-08-31,15,21.9,243
2022-09-01,NA,22.2,244
2022-09-02,NA,22.3,245
2022-09-03,NA,22,246
2022-09-04,NA,21.8,247
2022-09-05,NA,21.6,248
2022-09-06,NA,21.5,249
2022-09-07,NA,21.6,250
2022-09-08,NA,21.4,251
2022-09-09,NA,21.3,252
2022-09-10,NA,21,253
2022-09-11,NA,21,254
2022-09-12,NA,21.2,255
2022-09-13,NA,21.2,256
2022-09-14,NA,21.1,257
2022-09-15,NA,NA,258
2022-09-16,NA,NA,259
2022-09-17,NA,NA,260
2022-09-18,NA,NA,261
2022-09-19,NA,NA,262
2022-09-20,NA,NA,263
2022-09-21,NA,NA,264
2022-09-22,NA,NA,265
2022-09-23,NA,NA,266
2022-09-24,NA,NA,267
2022-09-25,NA,NA,268
2022-09-26,NA,NA,269
2022-09-27,NA,NA,270
2022-09-28,NA,NA,271
2022-09-29,NA,NA,272
2022-09-30,NA,NA,273
2022-10-01,NA,NA,274
2022-10-02,NA,NA,275
2022-10-03,NA,NA,276
2022-10-04,NA,NA,277
2022-10-05,NA,NA,278
2022-10-06,NA,NA,279
2022-10-07,NA,NA,280
2022-10-08,NA,NA,281
2022-10-09,NA,NA,282
2022-10-10,NA,NA,283
2022-10-11,NA,NA,284
2022-10-12,NA,NA,285
2022-10-13,NA,NA,286
2022-10-14,NA,NA,287
2022-10-15,NA,NA,288
2022-10-16,NA,NA,289
2022-10-17,NA,NA,290
2022-10-18,NA,NA,291
2022-10-19,NA,NA,292
2022-10-20,NA,NA,293
2022-10-21,NA,NA,294
2022-10-22,NA,NA,295
2022-10-23,NA,NA,296
2022-10-24,NA,NA,297
2022-10-25,NA,NA,298
2022-10-26,NA,NA,299
2022-10-27,NA,NA,300
2022-10-28,NA,NA,301
2022-10-29,NA,NA,302
2022-10-30,NA,NA,303
2022-10-31,NA,NA,304
2022-11-01,NA,NA,305
2022-11-02,NA,NA,306
2022-11-03,NA,NA,307
2022-11-04,NA,NA,308
2022-11-05,NA,NA,309
2022-11-06,NA,NA,310
2022-11-07,NA,NA,311
2022-11-08,NA,NA,312
2022-11-09,NA,NA,313
2022-11-10,NA,NA,314
2022-11-11,NA,NA,315
2022-11-12,NA,NA,316
2022-11-13,NA,NA,317
2022-11-14,NA,NA,318
2022-11-15,NA,NA,319
2022-11-16,NA,NA,320
2022-11-17,NA,NA,321
2022-11-18,NA,NA,322
2022-11-19,NA,NA,323
2022-11-20,NA,NA,324
2022-11-21,NA,NA,325
2022-11-22,NA,NA,326
2022-11-23,NA,NA,327
2022-11-24,NA,NA,328
2022-11-25,NA,NA,329
2022-11-26,NA,NA,330
2022-11-27,NA,NA,331
2022-11-28,NA,NA,332
2022-11-29,NA,NA,333
2022-11-30,NA,NA,334
2022-12-01,NA,NA,335
2022-12-02,NA,NA,336
2022-12-03,NA,NA,337
2022-12-04,NA,NA,338
2022-12-05,NA,NA,339
2022-12-06,NA,NA,340
2022-12-07,NA,NA,341
2022-12-08,NA,NA,342
2022-12-09,NA,NA,343
2022-12-10,NA,NA,344
2022-12-11,NA,NA,345
2022-12-12,NA,NA,346
2022-12-13,NA,NA,347
2022-12-14,NA,NA,348
2022-12-15,NA,NA,349
2022-12-16,NA,NA,350
2022-12-17,NA,NA,351
2022-12-18,NA,NA,352
2022-12-19,NA,NA,353
2022-12-20,NA,NA,354
2022-12-21,NA,NA,355
2022-12-22,NA,NA,356
2022-12-23,NA,NA,357
2022-12-24,NA,NA,358
2022-12-25,NA,NA,359
2022-12-26,NA,NA,360
2022-12-27,NA,NA,361
2022-12-28,NA,NA,362
2022-12-29,NA,NA,363
2022-12-30,NA,NA,364
2022-12-31,NA,NA,365
NA,NA,NA,NA
NA,NA,NA,NA
NA,NA,NA,NA
NA,NA,NA,NA
NA,NA,NA,NA
NA,NA,NA,NA
NA,NA,NA,NA
NA,NA,NA,NA
NA,NA,NA,NA
NA,NA,NA,NA
NA,NA,NA,NA
NA,NA,NA,NA
NA,NA,NA,NA
NA,NA,NA,NA
NA,NA,NA,NA
NA,NA,NA,NA
NA,NA,NA,NA
NA,NA,NA,NA
NA,NA,NA,NA
NA,NA,NA,NA
NA,NA,NA,NA
NA,NA,NA,NA
2021-01-01,NA,NA,1
2021-01-02,NA,NA,2
2021-01-03,NA,NA,3
2021-01-04,NA,NA,4
2021-01-05,NA,NA,5
2021-01-06,NA,NA,6
2021-01-07,NA,NA,7
2021-01-08,NA,NA,8
2021-01-09,NA,NA,9
2021-01-10,NA,NA,10
2021-01-11,NA,NA,11
2021-01-12,NA,NA,12
2021-01-13,NA,NA,13
2021-01-14,NA,NA,14
2021-01-15,NA,NA,15
2021-01-16,NA,NA,16
2021-01-17,NA,NA,17
2021-01-18,NA,NA,18
2021-01-19,NA,NA,19
2021-01-20,NA,NA,20
2021-01-21,NA,NA,21
2021-01-22,NA,NA,22
2021-01-23,NA,NA,23
2021-01-24,NA,NA,24
2021-01-25,NA,NA,25
2021-01-26,NA,NA,26
2021-01-27,NA,NA,27
2021-01-28,NA,NA,28
2021-01-29,NA,NA,29
2021-01-30,NA,NA,30
2021-01-31,NA,NA,31
2021-02-01,NA,NA,32
2021-02-02,NA,NA,33
2021-02-03,NA,NA,34
2021-02-04,NA,NA,35
2021-02-05,NA,NA,36
2021-02-06,NA,NA,37
2021-02-07,NA,NA,38
2021-02-08,NA,NA,39
2021-02-09,NA,NA,40
2021-02-10,NA,NA,41
2021-02-11,NA,NA,42
2021-02-12,NA,NA,43
2021-02-13,NA,NA,44
2021-02-14,NA,NA,45
2021-02-15,NA,NA,46
2021-02-16,NA,NA,47
2021-02-17,NA,NA,48
2021-02-18,NA,NA,49
2021-02-19,NA,NA,50
2021-02-20,NA,NA,51
2021-02-21,NA,NA,52
2021-02-22,NA,NA,53
2021-02-23,NA,NA,54
2021-02-24,NA,NA,55
2021-02-25,NA,NA,56
2021-02-26,NA,NA,57
2021-02-27,NA,NA,58
2021-02-28,NA,NA,59
2021-03-01,NA,NA,60
2021-03-02,NA,NA,61
2021-03-03,NA,NA,62
2021-03-04,NA,NA,63
2021-03-05,NA,NA,64
2021-03-06,NA,NA,65
2021-03-07,NA,NA,66
2021-03-08,NA,NA,67
2021-03-09,NA,NA,68
2021-03-10,NA,NA,69
2021-03-11,NA,NA,70
2021-03-12,NA,NA,71
2021-03-13,NA,NA,72
2021-03-14,NA,NA,73
2021-03-15,NA,NA,74
2021-03-16,NA,NA,75
2021-03-17,NA,NA,76
2021-03-18,NA,NA,77
2021-03-19,NA,NA,78
2021-03-20,NA,NA,79
2021-03-21,NA,NA,80
2021-03-22,NA,NA,81
2021-03-23,NA,NA,82
2021-03-24,NA,NA,83
2021-03-25,NA,NA,84
2021-03-26,NA,NA,85
2021-03-27,NA,NA,86
2021-03-28,NA,NA,87
2021-03-29,NA,NA,88
2021-03-30,NA,NA,89
2021-03-31,NA,NA,90
2021-04-01,NA,NA,91
2021-04-02,NA,NA,92
2021-04-03,NA,NA,93
2021-04-04,NA,NA,94
2021-04-05,NA,NA,95
2021-04-06,NA,NA,96
2021-04-07,NA,NA,97
2021-04-08,NA,NA,98
2021-04-09,NA,NA,99
2021-04-10,NA,NA,100
2021-04-11,NA,NA,101
2021-04-12,NA,NA,102
2021-04-13,NA,NA,103
2021-04-14,NA,NA,104
2021-04-15,NA,NA,105
2021-04-16,NA,NA,106
2021-04-17,NA,NA,107
2021-04-18,NA,NA,108
2021-04-19,NA,NA,109
2021-04-20,NA,NA,110
2021-04-21,NA,NA,111
2021-04-22,NA,NA,112
2021-04-23,NA,NA,113
2021-04-24,NA,NA,114
2021-04-25,NA,NA,115
2021-04-26,NA,NA,116
2021-04-27,NA,NA,117
2021-04-28,NA,NA,118
2021-04-29,NA,NA,119
2021-04-30,NA,NA,120
2021-05-01,NA,NA,121
2021-05-02,NA,NA,122
2021-05-03,NA,NA,123
2021-05-04,NA,NA,124
2021-05-05,NA,NA,125
2021-05-06,NA,NA,126
2021-05-07,2,NA,127
2021-05-08,1,NA,128
2021-05-09,NA,NA,129
2021-05-10,NA,NA,130
2021-05-11,4,NA,131
2021-05-12,302,NA,132
2021-05-13,1059,NA,133
2021-05-14,1103,NA,134
2021-05-15,1274,NA,135
2021-05-16,1400,NA,136
2021-05-17,2793,NA,137
2021-05-18,2259,NA,138
2021-05-19,1477,NA,139
2021-05-20,1092,13.9,140
2021-05-21,955,13.9,141
2021-05-22,1540,13.9,142
2021-05-23,1490,13.9,143
2021-05-24,1499,13.9,144
2021-05-25,3434,14.1,145
2021-05-26,4688,14.4,146
2021-05-27,5785,14.6,147
2021-05-28,4948,14.6,148
2021-05-29,4602,14.8,149
2021-05-30,10261,14.8,150
2021-05-31,9751,15.1,151
2021-06-01,21268,15.5,152
2021-06-02,40410,15.9,153
2021-06-03,43875,16.2,154
2021-06-04,74854,16.4,155
2021-06-05,54233,16.1,156
2021-06-06,44248,15.8,157
2021-06-07,40174,15.8,158
2021-06-08,69724,15.9,159
2021-06-09,94774,15.9,160
2021-06-10,126796,15.8,161
2021-06-11,127826,15.8,162
2021-06-12,136097,15.8,163
2021-06-13,129349,16.1,164
2021-06-14,141355,16.3,165
2021-06-15,178458,16.4,166
2021-06-16,254486,16.5,167
2021-06-17,301436,16.6,168
2021-06-18,189634,16.8,169
2021-06-19,299187,17.2,170
2021-06-20,286347,17.6,171
2021-06-21,364396,18.1,172
2021-06-22,272004,18.4,173
2021-06-23,285434,18.5,174
2021-06-24,351489,18.9,175
2021-06-25,359604,19,176
2021-06-26,217511,19.5,177
2021-06-27,280883,19.9,178
2021-06-28,218963,20.3,179
2021-06-29,82319,20.8,180
2021-06-30,72516,20.7,181
2021-07-01,104885,20.5,182
2021-07-02,60715,20.4,183
2021-07-03,36940,20.6,184
2021-07-04,38824,20.9,185
2021-07-05,28849,21.1,186
2021-07-06,20925,21.2,187
2021-07-07,15394,21.1,188
2021-07-08,9100,21.1,189
2021-07-09,9715,21.2,190
2021-07-10,6325,21.3,191
2021-07-11,4584,21.4,192
2021-07-12,3162,21.5,193
2021-07-13,3027,21.6,194
2021-07-14,4933,21.5,195
2021-07-15,2003,21.4,196
2021-07-16,1767,21.2,197
2021-07-17,1441,21.4,198
2021-07-18,924,21.5,199
2021-07-19,822,21.7,200
2021-07-20,672,21.8,201
2021-07-21,619,21.7,202
2021-07-22,720,21.4,203
2021-07-23,904,21.4,204
2021-07-24,825,21.6,205
2021-07-25,662,21.8,206
2021-07-26,898,22.1,207
2021-07-27,1211,22.2,208
2021-07-28,928,22.2,209
2021-07-29,521,22.3,210
2021-07-30,631,22.3,211
2021-07-31,461,22.1,212
2021-08-01,414,22.3,213
2021-08-02,501,22.4,214
2021-08-03,354,22.7,215
2021-08-04,396,22.6,216
2021-08-05,248,22.6,217
2021-08-06,146,22.4,218
2021-08-07,158,22.4,219
2021-08-08,187,22.1,220
2021-08-09,113,22,221
2021-08-10,257,22.1,222
2021-08-11,160,22.7,223
2021-08-12,355,22.9,224
2021-08-13,323,23.2,225
2021-08-14,229,23.3,226
2021-08-15,219,23.3,227
2021-08-16,100,23.1,228
2021-08-17,100,22.5,229
2021-08-18,86,21.9,230
2021-08-19,42,21.6,231
2021-08-20,141,21.3,232
2021-08-21,35,21.1,233
2021-08-22,22,21.1,234
2021-08-23,64,20.8,235
2021-08-24,119,20.7,236
2021-08-25,28,21,237
2021-08-26,40,20.9,238
2021-08-27,8,21,239
2021-08-28,57,20.9,240
2021-08-29,20,20.9,241
2021-08-30,61,20.7,242
2021-08-31,20,20.2,243
2021-09-01,NA,20.1,244
2021-09-02,NA,20.1,245
2021-09-03,NA,20.2,246
2021-09-04,NA,20.1,247
2021-09-05,NA,20.1,248
2021-09-06,NA,20.2,249
2021-09-07,NA,20.4,250
2021-09-08,NA,20.5,251
2021-09-09,NA,20.7,252
2021-09-10,NA,20.6,253
2021-09-11,NA,20.3,254
2021-09-12,NA,20.2,255
2021-09-13,NA,20,256
2021-09-14,NA,19.9,257
2021-09-15,NA,19.9,258
2021-09-16,NA,19.5,259
2021-09-17,NA,19.2,260
2021-09-18,NA,19.2,261
2021-09-19,NA,19.2,262
2021-09-20,NA,19.2,263
2021-09-21,NA,19.1,264
2021-09-22,NA,19,265
2021-09-23,NA,NA,266
2021-09-24,NA,NA,267
2021-09-25,NA,NA,268
2021-09-26,NA,NA,269
2021-09-27,NA,NA,270
2021-09-28,NA,NA,271
2021-09-29,NA,NA,272
2021-09-30,NA,NA,273
2021-10-01,NA,NA,274
2021-10-02,NA,NA,275
2021-10-03,NA,NA,276
2021-10-04,NA,NA,277
2021-10-05,NA,NA,278
2021-10-06,NA,NA,279
2021-10-07,NA,NA,280
2021-10-08,NA,NA,281
2021-10-09,NA,NA,282
2021-10-10,NA,NA,283
2021-10-11,NA,NA,284
2021-10-12,NA,NA,285
2021-10-13,NA,NA,286
2021-10-14,NA,NA,287
2021-10-15,NA,NA,288
2021-10-16,NA,NA,289
2021-10-17,NA,NA,290
2021-10-18,NA,NA,291
2021-10-19,NA,NA,292
2021-10-20,NA,NA,293
2021-10-21,NA,NA,294
2021-10-22,NA,NA,295
2021-10-23,NA,NA,296
2021-10-24,NA,NA,297
2021-10-25,NA,NA,298
2021-10-26,NA,NA,299
2021-10-27,NA,NA,300
2021-10-28,NA,NA,301
2021-10-29,NA,NA,302
2021-10-30,NA,NA,303
2021-10-31,NA,NA,304
2021-11-01,NA,NA,305
2021-11-02,NA,NA,306
2021-11-03,NA,NA,307
2021-11-04,NA,NA,308
2021-11-05,NA,NA,309
2021-11-06,NA,NA,310
2021-11-07,NA,NA,311
2021-11-08,NA,NA,312
2021-11-09,NA,NA,313
2021-11-10,NA,NA,314
2021-11-11,NA,NA,315
2021-11-12,NA,NA,316
2021-11-13,NA,NA,317
2021-11-14,NA,NA,318
2021-11-15,NA,NA,319
2021-11-16,NA,NA,320
2021-11-17,NA,NA,321
2021-11-18,NA,NA,322
2021-11-19,NA,NA,323
2021-11-20,NA,NA,324
2021-11-21,NA,NA,325
2021-11-22,NA,NA,326
2021-11-23,NA,NA,327
2021-11-24,NA,NA,328
2021-11-25,NA,NA,329
2021-11-26,NA,NA,330
2021-11-27,NA,NA,331
2021-11-28,NA,NA,332
2021-11-29,NA,NA,333
2021-11-30,NA,NA,334
2021-12-01,NA,NA,335
2021-12-02,NA,NA,336
2021-12-03,NA,NA,337
2021-12-04,NA,NA,338
2021-12-05,NA,NA,339
2021-12-06,NA,NA,340
2021-12-07,NA,NA,341
2021-12-08,NA,NA,342
2021-12-09,NA,NA,343
2021-12-10,NA,NA,344
2021-12-11,NA,NA,345
2021-12-12,NA,NA,346
2021-12-13,NA,NA,347
2021-12-14,NA,NA,348
2021-12-15,NA,NA,349
2021-12-16,NA,NA,350
2021-12-17,NA,NA,351
2021-12-18,NA,NA,352
2021-12-19,NA,NA,353
2021-12-20,NA,NA,354
2021-12-21,NA,NA,355
2021-12-22,NA,NA,356
2021-12-23,NA,NA,357
2021-12-24,NA,NA,358
2021-12-25,NA,NA,359
2021-12-26,NA,NA,360
2021-12-27,NA,NA,361
2021-12-28,NA,NA,362
2021-12-29,NA,NA,363
2021-12-30,NA,NA,364
2021-12-31,NA,NA,365
NA,NA,NA,NA
NA,NA,NA,NA
NA,NA,NA,NA
NA,NA,NA,NA
NA,NA,NA,NA
NA,NA,NA,NA
NA,NA,NA,NA
NA,NA,NA,NA
NA,NA,NA,NA
NA,NA,NA,NA
NA,NA,NA,NA
NA,NA,NA,NA
NA,NA,NA,NA
NA,NA,NA,NA
NA,NA,NA,NA
NA,NA,NA,NA
NA,NA,NA,NA
NA,NA,NA,NA
NA,NA,NA,NA
NA,NA,NA,NA
NA,NA,NA,NA
NA,NA,NA,NA
2020-01-01,NA,NA,1
2020-01-02,NA,NA,2
2020-01-03,NA,NA,3
2020-01-04,NA,NA,4
2020-01-05,NA,NA,5
2020-01-06,NA,NA,6
2020-01-07,NA,NA,7
2020-01-08,NA,NA,8
2020-01-09,NA,NA,9
2020-01-10,NA,NA,10
2020-01-11,NA,NA,11
2020-01-12,NA,NA,12
2020-01-13,NA,NA,13
2020-01-14,NA,NA,14
2020-01-15,NA,NA,15
2020-01-16,NA,NA,16
2020-01-17,NA,NA,17
2020-01-18,NA,NA,18
2020-01-19,NA,NA,19
2020-01-20,NA,NA,20
2020-01-21,NA,NA,21
2020-01-22,NA,NA,22
2020-01-23,NA,NA,23
2020-01-24,NA,NA,24
2020-01-25,NA,NA,25
2020-01-26,NA,NA,26
2020-01-27,NA,NA,27
2020-01-28,NA,NA,28
2020-01-29,NA,NA,29
2020-01-30,NA,NA,30
2020-01-31,NA,NA,31
2020-02-01,NA,NA,32
2020-02-02,NA,NA,33
2020-02-03,NA,NA,34
2020-02-04,NA,NA,35
2020-02-05,NA,NA,36
2020-02-06,NA,NA,37
2020-02-07,NA,NA,38
2020-02-08,NA,NA,39
2020-02-09,NA,NA,40
2020-02-10,NA,NA,41
2020-02-11,NA,NA,42
2020-02-12,NA,NA,43
2020-02-13,NA,NA,44
2020-02-14,NA,NA,45
2020-02-15,NA,NA,46
2020-02-16,NA,NA,47
2020-02-17,NA,NA,48
2020-02-18,NA,NA,49
2020-02-19,NA,NA,50
2020-02-20,NA,NA,51
2020-02-21,NA,NA,52
2020-02-22,NA,NA,53
2020-02-23,NA,NA,54
2020-02-24,NA,NA,55
2020-02-25,NA,NA,56
2020-02-26,NA,NA,57
2020-02-27,NA,NA,58
2020-02-28,NA,NA,59
2020-02-29,NA,NA,60
2020-03-01,NA,NA,61
2020-03-02,NA,NA,62
2020-03-03,NA,NA,63
2020-03-04,NA,NA,64
2020-03-05,NA,NA,65
2020-03-06,NA,NA,66
2020-03-07,NA,NA,67
2020-03-08,NA,NA,68
2020-03-09,NA,NA,69
2020-03-10,NA,NA,70
2020-03-11,NA,NA,71
2020-03-12,NA,6.3,72
2020-03-13,NA,6.3,73
2020-03-14,NA,6.2,74
2020-03-15,NA,6,75
2020-03-16,NA,5.8,76
2020-03-17,NA,6,77
2020-03-18,NA,6.2,78
2020-03-19,NA,6.5,79
2020-03-20,NA,6.8,80
2020-03-21,NA,6.9,81
2020-03-22,NA,7,82
2020-03-23,NA,7.1,83
2020-03-24,NA,7.1,84
2020-03-25,NA,7,85
2020-03-26,NA,6.9,86
2020-03-27,NA,6.7,87
2020-03-28,NA,6.8,88
2020-03-29,NA,7.2,89
2020-03-30,NA,7.4,90
2020-03-31,NA,7.4,91
2020-04-01,NA,7.4,92
2020-04-02,NA,7.6,93
2020-04-03,NA,7.5,94
2020-04-04,NA,7.7,95
2020-04-05,NA,7.8,96
2020-04-06,NA,8,97
2020-04-07,NA,8.2,98
2020-04-08,NA,8.6,99
2020-04-09,NA,8.9,100
2020-04-10,NA,9.2,101
2020-04-11,NA,9.3,102
2020-04-12,NA,9.4,103
2020-04-13,NA,9.6,104
2020-04-14,NA,9.7,105
2020-04-15,NA,9.8,106
2020-04-16,NA,10.2,107
2020-04-17,NA,10.3,108
2020-04-18,NA,10.3,109
2020-04-19,NA,10.5,110
2020-04-20,NA,10.8,111
2020-04-21,NA,10.9,112
2020-04-22,NA,11.1,113
2020-04-23,NA,11.2,114
2020-04-24,NA,11.4,115
2020-04-25,NA,11.8,116
2020-04-26,NA,12,117
2020-04-27,NA,12.2,118
2020-04-28,NA,12.4,119
2020-04-29,20,12.5,120
2020-04-30,17,12.6,121
2020-05-01,4,12.7,122
2020-05-02,91,12.7,123
2020-05-03,111,12.7,124
2020-05-04,127,12.8,125
2020-05-05,499,12.9,126
2020-05-06,1329,12.9,127
2020-05-07,387,12.8,128
2020-05-08,440,12.8,129
2020-05-09,1156,13.2,130
2020-05-10,3943,13.5,131
2020-05-11,5295,13.5,132
2020-05-12,2812,13.3,133
2020-05-13,2369,13.2,134
2020-05-14,3594,13.2,135
2020-05-15,1684,13.2,136
2020-05-16,4399,13.1,137
2020-05-17,3251,13,138
2020-05-18,3432,13,139
2020-05-19,2923,12.9,140
2020-05-20,4379,12.9,141
2020-05-21,4160,12.9,142
2020-05-22,3621,12.9,143
2020-05-23,3885,13,144
2020-05-24,6709,13.1,145
2020-05-25,5624,13.1,146
2020-05-26,2714,13.2,147
2020-05-27,8168,13.4,148
2020-05-28,22686,13.7,149
2020-05-29,43540,14,150
2020-05-30,89743,14.1,151
2020-05-31,93100,14.3,152
2020-06-01,40491,14.3,153
2020-06-02,42804,14.5,154
2020-06-03,52272,14.5,155
2020-06-04,81216,14.6,156
2020-06-05,122911,14.7,157
2020-06-06,94355,14.6,158
2020-06-07,103287,14.7,159
2020-06-08,95499,14.7,160
2020-06-09,62814,14.6,161
2020-06-10,157686,14.8,162
2020-06-11,455737,15.1,163
2020-06-12,242102,15,164
2020-06-13,73488,14.8,165
2020-06-14,65417,14.8,166
2020-06-15,227806,15,167
2020-06-16,94886,15.1,168
2020-06-17,204947,15.2,169
2020-06-18,340770,15.5,170
2020-06-19,326324,15.8,171
2020-06-20,411630,16,172
2020-06-21,312048,16.1,173
2020-06-22,270055,16.3,174
2020-06-23,303887,16.6,175
2020-06-24,189097,16.9,176
2020-06-25,170134,17.1,177
2020-06-26,183922,17.4,178
2020-06-27,126782,17.7,179
2020-06-28,120191,17.5,180
2020-06-29,61916,17.4,181
2020-06-30,80510,17.5,182
2020-07-01,39380,17.4,183
2020-07-02,44410,17.3,184
2020-07-03,71048,17.3,185
2020-07-04,43757,17.4,186
2020-07-05,20104,17.4,187
2020-07-06,14270,17.4,188
2020-07-07,11338,17.3,189
2020-07-08,11566,17.4,190
2020-07-09,14823,17.6,191
2020-07-10,10937,17.8,192
2020-07-11,12097,18.1,193
2020-07-12,7992,18.3,194
2020-07-13,6579,18.3,195
2020-07-14,7921,18.4,196
2020-07-15,6645,18.7,197
2020-07-16,5249,19.1,198
2020-07-17,4692,19.4,199
2020-07-18,3082,19.4,200
2020-07-19,3033,19.6,201
2020-07-20,2108,19.9,202
2020-07-21,2585,20.3,203
2020-07-22,1506,20.4,204
2020-07-23,830,20.3,205
2020-07-24,779,19.9,206
2020-07-25,595,19.7,207
2020-07-26,695,19.9,208
2020-07-27,754,20.4,209
2020-07-28,766,20.9,210
2020-07-29,650,21.1,211
2020-07-30,580,21.3,212
2020-07-31,441,21.3,213
2020-08-01,412,21.2,214
2020-08-02,369,21.3,215
2020-08-03,212,21.3,216
2020-08-04,197,21.4,217
2020-08-05,214,21.7,218
2020-08-06,238,21.5,219
2020-08-07,149,21.2,220
2020-08-08,89,21.2,221
2020-08-09,101,21.1,222
2020-08-10,181,21.2,223
2020-08-11,154,21.3,224
2020-08-12,84,21,225
2020-08-13,68,20.9,226
2020-08-14,52,20.7,227
2020-08-15,72,20.8,228
2020-08-16,134,21.1,229
2020-08-17,119,21.4,230
2020-08-18,121,21.7,231
2020-08-19,149,21.7,232
2020-08-20,152,21.5,233
2020-08-21,62,21.3,234
2020-08-22,51,21.1,235
2020-08-23,43,21.2,236
2020-08-24,110,21.3,237
2020-08-25,30,21.1,238
2020-08-26,30,21.1,239
2020-08-27,43,21.1,240
2020-08-28,31,21,241
2020-08-29,47,21,242
2020-08-30,13,20.7,243
2020-08-31,21,20.5,244
2020-09-01,NA,20.5,245
2020-09-02,NA,20.8,246
2020-09-03,NA,21,247
2020-09-04,NA,21.4,248
2020-09-05,NA,21.4,249
2020-09-06,NA,21.3,250
2020-09-07,NA,21.2,251
2020-09-08,NA,20.5,252
2020-09-09,NA,20,253
2020-09-10,NA,19.9,254
2020-09-11,NA,20.2,255
2020-09-12,NA,20,256
2020-09-13,NA,19.6,257
2020-09-14,NA,19.7,258
2020-09-15,NA,19.8,259
2020-09-16,NA,19.6,260
2020-09-17,NA,19.5,261
2020-09-18,NA,19.5,262
2020-09-19,NA,19.3,263
2020-09-20,NA,19.3,264
2020-09-21,NA,19.3,265
2020-09-22,NA,19.3,266
2020-09-23,NA,19.2,267
2020-09-24,NA,19.1,268
2020-09-25,NA,NA,269
2020-09-26,NA,NA,270
2020-09-27,NA,NA,271
2020-09-28,NA,NA,272
2020-09-29,NA,NA,273
2020-09-30,NA,NA,274
2020-10-01,NA,NA,275
2020-10-02,NA,NA,276
2020-10-03,NA,NA,277
2020-10-04,NA,NA,278
2020-10-05,NA,NA,279
2020-10-06,NA,NA,280
2020-10-07,NA,NA,281
2020-10-08,NA,NA,282
2020-10-09,NA,NA,283
2020-10-10,NA,NA,284
2020-10-11,NA,NA,285
2020-10-12,NA,NA,286
2020-10-13,NA,NA,287
2020-10-14,NA,NA,288
2020-10-15,NA,NA,289
2020-10-16,NA,NA,290
2020-10-17,NA,NA,291
2020-10-18,NA,NA,292
2020-10-19,NA,NA,293
2020-10-20,NA,NA,294
2020-10-21,NA,NA,295
2020-10-22,NA,NA,296
2020-10-23,NA,NA,297
2020-10-24,NA,NA,298
2020-10-25,NA,NA,299
2020-10-26,NA,NA,300
2020-10-27,NA,NA,301
2020-10-28,NA,NA,302
2020-10-29,NA,NA,303
2020-10-30,NA,NA,304
2020-10-31,NA,NA,305
2020-11-01,NA,NA,306
2020-11-02,NA,NA,307
2020-11-03,NA,NA,308
2020-11-04,NA,NA,309
2020-11-05,NA,NA,310
2020-11-06,NA,NA,311
2020-11-07,NA,NA,312
2020-11-08,NA,NA,313
2020-11-09,NA,NA,314
2020-11-10,NA,NA,315
2020-11-11,NA,NA,316
2020-11-12,NA,NA,317
2020-11-13,NA,NA,318
2020-11-14,NA,NA,319
2020-11-15,NA,NA,320
2020-11-16,NA,NA,321
2020-11-17,NA,NA,322
2020-11-18,NA,NA,323
2020-11-19,NA,NA,324
2020-11-20,NA,NA,325
2020-11-21,NA,NA,326
2020-11-22,NA,NA,327
2020-11-23,NA,NA,328
2020-11-24,NA,NA,329
2020-11-25,NA,NA,330
2020-11-26,NA,NA,331
2020-11-27,NA,NA,332
2020-11-28,NA,NA,333
2020-11-29,NA,NA,334
2020-11-30,NA,NA,335
2020-12-01,NA,NA,336
2020-12-02,NA,NA,337
2020-12-03,NA,NA,338
2020-12-04,NA,NA,339
2020-12-05,NA,NA,340
2020-12-06,NA,NA,341
2020-12-07,NA,NA,342
2020-12-08,NA,NA,343
2020-12-09,NA,NA,344
2020-12-10,NA,NA,345
2020-12-11,NA,NA,346
2020-12-12,NA,NA,347
2020-12-13,NA,NA,348
2020-12-14,NA,NA,349
2020-12-15,NA,NA,350
2020-12-16,NA,NA,351
2020-12-17,NA,NA,352
2020-12-18,NA,NA,353
2020-12-19,NA,NA,354
2020-12-20,NA,NA,355
2020-12-21,NA,NA,356
2020-12-22,NA,NA,357
2020-12-23,NA,NA,358
2020-12-24,NA,NA,359
2020-12-25,NA,NA,360
2020-12-26,NA,NA,361
2020-12-27,NA,NA,362
2020-12-28,NA,NA,363
2020-12-29,NA,NA,364
2020-12-30,NA,NA,365
2020-12-31,NA,NA,366
NA,NA,NA,NA
NA,NA,NA,NA
NA,NA,NA,NA
NA,NA,NA,NA
NA,NA,NA,NA
NA,NA,NA,NA
NA,NA,NA,NA
NA,NA,NA,NA
NA,NA,NA,NA
NA,NA,NA,NA
NA,NA,NA,NA
NA,NA,NA,NA
NA,NA,NA,NA
NA,NA,NA,NA
NA,NA,NA,NA
NA,NA,NA,NA
NA,NA,NA,NA
NA,NA,NA,NA
NA,NA,NA,NA
NA,NA,NA,NA
NA,NA,NA,NA
NA,NA,NA,NA
2019-01-01,NA,NA,1
2019-01-02,NA,NA,2
2019-01-03,NA,NA,3
2019-01-04,NA,NA,4
2019-01-05,NA,NA,5
2019-01-06,NA,NA,6
2019-01-07,NA,NA,7
2019-01-08,NA,NA,8
2019-01-09,NA,NA,9
2019-01-10,NA,NA,10
2019-01-11,NA,NA,11
2019-01-12,NA,NA,12
2019-01-13,NA,NA,13
2019-01-14,NA,NA,14
2019-01-15,NA,NA,15
2019-01-16,NA,NA,16
2019-01-17,NA,NA,17
2019-01-18,NA,NA,18
2019-01-19,NA,NA,19
2019-01-20,NA,NA,20
2019-01-21,NA,NA,21
2019-01-22,NA,NA,22
2019-01-23,NA,NA,23
2019-01-24,NA,NA,24
2019-01-25,NA,NA,25
2019-01-26,NA,NA,26
2019-01-27,NA,NA,27
2019-01-28,NA,NA,28
2019-01-29,NA,NA,29
2019-01-30,NA,NA,30
2019-01-31,NA,NA,31
2019-02-01,NA,NA,32
2019-02-02,NA,NA,33
2019-02-03,NA,NA,34
2019-02-04,NA,NA,35
2019-02-05,NA,NA,36
2019-02-06,NA,NA,37
2019-02-07,NA,NA,38
2019-02-08,NA,NA,39
2019-02-09,NA,NA,40
2019-02-10,NA,NA,41
2019-02-11,NA,NA,42
2019-02-12,NA,NA,43
2019-02-13,NA,NA,44
2019-02-14,NA,NA,45
2019-02-15,NA,NA,46
2019-02-16,NA,NA,47
2019-02-17,NA,NA,48
2019-02-18,NA,NA,49
2019-02-19,NA,NA,50
2019-02-20,NA,NA,51
2019-02-21,NA,NA,52
2019-02-22,NA,NA,53
2019-02-23,NA,NA,54
2019-02-24,NA,NA,55
2019-02-25,NA,NA,56
2019-02-26,NA,NA,57
2019-02-27,NA,NA,58
2019-02-28,NA,NA,59
2019-03-01,NA,NA,60
2019-03-02,NA,NA,61
2019-03-03,NA,NA,62
2019-03-04,NA,NA,63
2019-03-05,NA,NA,64
2019-03-06,NA,NA,65
2019-03-07,NA,NA,66
2019-03-08,NA,NA,67
2019-03-09,NA,NA,68
2019-03-10,NA,NA,69
2019-03-11,NA,NA,70
2019-03-12,NA,NA,71
2019-03-13,NA,NA,72
2019-03-14,NA,NA,73
2019-03-15,NA,3.3,74
2019-03-16,NA,3.5,75
2019-03-17,NA,3.8,76
2019-03-18,NA,4,77
2019-03-19,NA,4.2,78
2019-03-20,NA,4.4,79
2019-03-21,NA,4.5,80
2019-03-22,NA,4.7,81
2019-03-23,NA,5.1,82
2019-03-24,NA,5.4,83
2019-03-25,NA,5.7,84
2019-03-26,NA,5.8,85
2019-03-27,NA,5.9,86
2019-03-28,NA,6.1,87
2019-03-29,NA,6.4,88
2019-03-30,NA,6.7,89
2019-03-31,NA,7.1,90
2019-04-01,NA,7.3,91
2019-04-02,NA,7.5,92
2019-04-03,NA,7.6,93
2019-04-04,NA,7.8,94
2019-04-05,NA,8,95
2019-04-06,NA,8,96
2019-04-07,NA,8.1,97
2019-04-08,NA,8.2,98
2019-04-09,NA,8.3,99
2019-04-10,NA,8.5,100
2019-04-11,NA,8.9,101
2019-04-12,NA,9.2,102
2019-04-13,NA,9.2,103
2019-04-14,NA,9.2,104
2019-04-15,NA,9.1,105
2019-04-16,NA,9.2,106
2019-04-17,NA,9.6,107
2019-04-18,NA,10,108
2019-04-19,NA,10.4,109
2019-04-20,NA,10.7,110
2019-04-21,NA,10.8,111
2019-04-22,NA,10.8,112
2019-04-23,NA,10.9,113
2019-04-24,NA,11.1,114
2019-04-25,NA,11.1,115
2019-04-26,NA,11.3,116
2019-04-27,NA,11.5,117
2019-04-28,NA,11.6,118
2019-04-29,NA,11.9,119
2019-04-30,NA,12,120
2019-05-01,NA,12,121
2019-05-02,NA,11.9,122
2019-05-03,NA,11.8,123
2019-05-04,NA,11.8,124
2019-05-05,NA,12.1,125
2019-05-06,NA,12.3,126
2019-05-07,1,12.5,127
2019-05-08,12,12.6,128
2019-05-09,114,12.9,129
2019-05-10,223,12.9,130
2019-05-11,638,13.2,131
2019-05-12,1236,13.3,132
2019-05-13,1803,13.4,133
2019-05-14,3384,13.4,134
2019-05-15,2270,13.4,135
2019-05-16,1804,13.4,136
2019-05-17,1509,13.4,137
2019-05-18,4677,13.6,138
2019-05-19,8395,13.8,139
2019-05-20,5700,13.8,140
2019-05-21,3777,13.6,141
2019-05-22,6030,13.5,142
2019-05-23,7375,13.6,143
2019-05-24,8944,13.6,144
2019-05-25,6275,13.7,145
2019-05-26,15406,13.7,146
2019-05-27,25084,13.9,147
2019-05-28,34196,14.1,148
2019-05-29,108763,14.2,149
2019-05-30,151868,14.5,150
2019-05-31,354853,14.9,151
2019-06-01,342480,15,152
2019-06-02,352186,15.3,153
2019-06-03,335463,15.4,154
2019-06-04,315678,15.6,155
2019-06-05,412448,15.8,156
2019-06-06,362927,15.9,157
2019-06-07,173772,15.7,158
2019-06-08,183872,15.7,159
2019-06-09,294013,15.9,160
2019-06-10,354495,16.3,161
2019-06-11,298654,16.7,162
2019-06-12,267782,17,163
2019-06-13,232993,17.2,164
2019-06-14,207887,17.2,165
2019-06-15,186015,17.1,166
2019-06-16,213089,17.2,167
2019-06-17,200274,17.5,168
2019-06-18,193713,17.9,169
2019-06-19,182469,17.8,170
2019-06-20,93664,17.6,171
2019-06-21,135218,17.5,172
2019-06-22,165383,17.6,173
2019-06-23,149784,17.7,174
2019-06-24,133758,17.9,175
2019-06-25,148555,18,176
2019-06-26,114476,18,177
2019-06-27,50983,17.8,178
2019-06-28,48726,17.8,179
2019-06-29,78376,18.1,180
2019-06-30,80230,18.4,181
2019-07-01,60795,18.6,182
2019-07-02,35991,18.4,183
2019-07-03,28145,18.3,184
2019-07-04,31966,18.4,185
2019-07-05,38874,18.6,186
2019-07-06,27337,18.7,187
2019-07-07,17844,18.7,188
2019-07-08,25057,19,189
2019-07-09,28195,19.2,190
2019-07-10,18102,19.3,191
2019-07-11,15323,19.5,192
2019-07-12,15426,19.8,193
2019-07-13,9642,20,194
2019-07-14,6167,20.1,195
2019-07-15,5910,20.3,196
2019-07-16,4567,20.4,197
2019-07-17,4426,20.4,198
2019-07-18,2596,20.3,199
2019-07-19,1610,20.3,200
2019-07-20,1353,20.4,201
2019-07-21,1402,20.6,202
2019-07-22,1352,20.8,203
2019-07-23,1310,20.9,204
2019-07-24,1862,20.9,205
2019-07-25,1189,21.1,206
2019-07-26,1239,21.4,207
2019-07-27,752,21.2,208
2019-07-28,785,21.3,209
2019-07-29,556,21.5,210
2019-07-30,531,21.4,211
2019-07-31,652,21.2,212
2019-08-01,388,21.5,213
2019-08-02,429,21.5,214
2019-08-03,219,21.8,215
2019-08-04,237,22,216
2019-08-05,250,22.2,217
2019-08-06,185,22.3,218
2019-08-07,217,22.3,219
2019-08-08,350,22.2,220
2019-08-09,227,22,221
2019-08-10,215,21.9,222
2019-08-11,124,21.7,223
2019-08-12,131,21.7,224
2019-08-13,89,21.9,225
2019-08-14,175,22.3,226
2019-08-15,178,22.1,227
2019-08-16,89,22,228
2019-08-17,123,21.7,229
2019-08-18,62,21.4,230
2019-08-19,69,21.4,231
2019-08-20,37,21.4,232
2019-08-21,117,21.5,233
2019-08-22,58,21.4,234
2019-08-23,80,21.5,235
2019-08-24,75,21.6,236
2019-08-25,39,21.4,237
2019-08-26,55,21.4,238
2019-08-27,47,21.3,239
2019-08-28,50,21.5,240
2019-08-29,63,21.7,241
2019-08-30,63,21.8,242
2019-08-31,48,22,243
2019-09-01,NA,22.1,244
2019-09-02,NA,22.2,245
2019-09-03,NA,22.1,246
2019-09-04,NA,22,247
2019-09-05,NA,22,248
2019-09-06,NA,22,249
2019-09-07,NA,22,250
2019-09-08,NA,21.7,251
2019-09-09,NA,21.5,252
2019-09-10,NA,21.5,253
2019-09-11,NA,21.4,254
2019-09-12,NA,21.4,255
2019-09-13,NA,21.3,256
2019-09-14,NA,21.2,257
2019-09-15,NA,21.1,258
2019-09-16,NA,20.8,259
2019-09-17,NA,20.7,260
2019-09-18,NA,NA,261
2019-09-19,NA,NA,262
2019-09-20,NA,NA,263
2019-09-21,NA,NA,264
2019-09-22,NA,NA,265
2019-09-23,NA,NA,266
2019-09-24,NA,NA,267
2019-09-25,NA,NA,268
2019-09-26,NA,NA,269
2019-09-27,NA,NA,270
2019-09-28,NA,NA,271
2019-09-29,NA,NA,272
2019-09-30,NA,NA,273
2019-10-01,NA,NA,274
2019-10-02,NA,NA,275
2019-10-03,NA,NA,276
2019-10-04,NA,NA,277
2019-10-05,NA,NA,278
2019-10-06,NA,NA,279
2019-10-07,NA,NA,280
2019-10-08,NA,NA,281
2019-10-09,NA,NA,282
2019-10-10,NA,NA,283
2019-10-11,NA,NA,284
2019-10-12,NA,NA,285
2019-10-13,NA,NA,286
2019-10-14,NA,NA,287
2019-10-15,NA,NA,288
2019-10-16,NA,NA,289
2019-10-17,NA,NA,290
2019-10-18,NA,NA,291
2019-10-19,NA,NA,292
2019-10-20,NA,NA,293
2019-10-21,NA,NA,294
2019-10-22,NA,NA,295
2019-10-23,NA,NA,296
2019-10-24,NA,NA,297
2019-10-25,NA,NA,298
2019-10-26,NA,NA,299
2019-10-27,NA,NA,300
2019-10-28,NA,NA,301
2019-10-29,NA,NA,302
2019-10-30,NA,NA,303
2019-10-31,NA,NA,304
2019-11-01,NA,NA,305
2019-11-02,NA,NA,306
2019-11-03,NA,NA,307
2019-11-04,NA,NA,308
2019-11-05,NA,NA,309
2019-11-06,NA,NA,310
2019-11-07,NA,NA,311
2019-11-08,NA,NA,312
2019-11-09,NA,NA,313
2019-11-10,NA,NA,314
2019-11-11,NA,NA,315
2019-11-12,NA,NA,316
2019-11-13,NA,NA,317
2019-11-14,NA,NA,318
2019-11-15,NA,NA,319
2019-11-16,NA,NA,320
2019-11-17,NA,NA,321
2019-11-18,NA,NA,322
2019-11-19,NA,NA,323
2019-11-20,NA,NA,324
2019-11-21,NA,NA,325
2019-11-22,NA,NA,326
2019-11-23,NA,NA,327
2019-11-24,NA,NA,328
2019-11-25,NA,NA,329
2019-11-26,NA,NA,330
2019-11-27,NA,NA,331
2019-11-28,NA,NA,332
2019-11-29,NA,NA,333
2019-11-30,NA,NA,334
2019-12-01,NA,NA,335
2019-12-02,NA,NA,336
2019-12-03,NA,NA,337
2019-12-04,NA,NA,338
2019-12-05,NA,NA,339
2019-12-06,NA,NA,340
2019-12-07,NA,NA,341
2019-12-08,NA,NA,342
2019-12-09,NA,NA,343
2019-12-10,NA,NA,344
2019-12-11,NA,NA,345
2019-12-12,NA,NA,346
2019-12-13,NA,NA,347
2019-12-14,NA,NA,348
2019-12-15,NA,NA,349
2019-12-16,NA,NA,350
2019-12-17,NA,NA,351
2019-12-18,NA,NA,352
2019-12-19,NA,NA,353
2019-12-20,NA,NA,354
2019-12-21,NA,NA,355
2019-12-22,NA,NA,356
2019-12-23,NA,NA,357
2019-12-24,NA,NA,358
2019-12-25,NA,NA,359
2019-12-26,NA,NA,360
2019-12-27,NA,NA,361
2019-12-28,NA,NA,362
2019-12-29,NA,NA,363
2019-12-30,NA,NA,364
2019-12-31,NA,NA,365
NA,NA,NA,NA
NA,NA,NA,NA
NA,NA,NA,NA
NA,NA,NA,NA
NA,NA,NA,NA
NA,NA,NA,NA
NA,NA,NA,NA
NA,NA,NA,NA
NA,NA,NA,NA
NA,NA,NA,NA
NA,NA,NA,NA
NA,NA,NA,NA
NA,NA,NA,NA
NA,NA,NA,NA
NA,NA,NA,NA
NA,NA,NA,NA
NA,NA,NA,NA
NA,NA,NA,NA
NA,NA,NA,NA
NA,NA,NA,NA
NA,NA,NA,NA
NA,NA,NA,NA
2018-01-01,NA,NA,1
2018-01-02,NA,NA,2
2018-01-03,NA,NA,3
2018-01-04,NA,NA,4
2018-01-05,NA,NA,5
2018-01-06,NA,NA,6
2018-01-07,NA,NA,7
2018-01-08,NA,NA,8
2018-01-09,NA,NA,9
2018-01-10,NA,NA,10
2018-01-11,NA,NA,11
2018-01-12,NA,NA,12
2018-01-13,NA,NA,13
2018-01-14,NA,NA,14
2018-01-15,NA,NA,15
2018-01-16,NA,NA,16
2018-01-17,NA,NA,17
2018-01-18,NA,NA,18
2018-01-19,NA,NA,19
2018-01-20,NA,NA,20
2018-01-21,NA,NA,21
2018-01-22,NA,NA,22
2018-01-23,NA,NA,23
2018-01-24,NA,NA,24
2018-01-25,NA,NA,25
2018-01-26,NA,NA,26
2018-01-27,NA,NA,27
2018-01-28,NA,NA,28
2018-01-29,NA,NA,29
2018-01-30,NA,NA,30
2018-01-31,NA,NA,31
2018-02-01,NA,NA,32
2018-02-02,NA,NA,33
2018-02-03,NA,NA,34
2018-02-04,NA,NA,35
2018-02-05,NA,NA,36
2018-02-06,NA,NA,37
2018-02-07,NA,NA,38
2018-02-08,NA,NA,39
2018-02-09,NA,NA,40
2018-02-10,NA,NA,41
2018-02-11,NA,NA,42
2018-02-12,NA,NA,43
2018-02-13,NA,NA,44
2018-02-14,NA,NA,45
2018-02-15,NA,NA,46
2018-02-16,NA,NA,47
2018-02-17,NA,NA,48
2018-02-18,NA,NA,49
2018-02-19,NA,NA,50
2018-02-20,NA,NA,51
2018-02-21,NA,NA,52
2018-02-22,NA,NA,53
2018-02-23,NA,NA,54
2018-02-24,NA,NA,55
2018-02-25,NA,NA,56
2018-02-26,NA,NA,57
2018-02-27,NA,NA,58
2018-02-28,NA,NA,59
2018-03-01,NA,NA,60
2018-03-02,NA,NA,61
2018-03-03,NA,NA,62
2018-03-04,NA,NA,63
2018-03-05,NA,4,64
2018-03-06,NA,4,65
2018-03-07,NA,4.1,66
2018-03-08,NA,4.2,67
2018-03-09,NA,4.4,68
2018-03-10,NA,4.6,69
2018-03-11,NA,4.9,70
2018-03-12,NA,5.1,71
2018-03-13,NA,5.2,72
2018-03-14,NA,5.3,73
2018-03-15,NA,5.5,74
2018-03-16,NA,5.7,75
2018-03-17,NA,5.8,76
2018-03-18,NA,6.1,77
2018-03-19,NA,6.3,78
2018-03-20,NA,6.4,79
2018-03-21,NA,6.5,80
2018-03-22,NA,6.6,81
2018-03-23,NA,6.5,82
2018-03-24,NA,6.5,83
2018-03-25,NA,6.5,84
2018-03-26,NA,6.8,85
2018-03-27,NA,6.9,86
2018-03-28,NA,7.1,87
2018-03-29,NA,7.2,88
2018-03-30,NA,7.4,89
2018-03-31,NA,7.5,90
2018-04-01,NA,7.5,91
2018-04-02,NA,7.4,92
2018-04-03,NA,7.4,93
2018-04-04,NA,7.5,94
2018-04-05,NA,7.6,95
2018-04-06,NA,7.8,96
2018-04-07,NA,8,97
2018-04-08,NA,8,98
2018-04-09,NA,8.1,99
2018-04-10,NA,8.1,100
2018-04-11,NA,8.1,101
2018-04-12,NA,8.1,102
2018-04-13,NA,8.1,103
2018-04-14,NA,8.3,104
2018-04-15,NA,8.5,105
2018-04-16,NA,8.6,106
2018-04-17,NA,8.7,107
2018-04-18,NA,8.8,108
2018-04-19,NA,9,109
2018-04-20,NA,9.2,110
2018-04-21,NA,9.5,111
2018-04-22,NA,9.8,112
2018-04-23,NA,9.9,113
2018-04-24,NA,10,114
2018-04-25,NA,10.3,115
2018-04-26,NA,10.7,116
2018-04-27,NA,10.9,117
2018-04-28,NA,10.9,118
2018-04-29,NA,11,119
2018-04-30,NA,11.1,120
2018-05-01,NA,11.2,121
2018-05-02,NA,11.6,122
2018-05-03,NA,11.8,123
2018-05-04,NA,12.1,124
2018-05-05,NA,12.3,125
2018-05-06,1,12.5,126
2018-05-07,1,12.8,127
2018-05-08,12,12.8,128
2018-05-09,15,12.7,129
2018-05-10,18,12.7,130
2018-05-11,14,12.6,131
2018-05-12,20,12.7,132
2018-05-13,32,12.8,133
2018-05-14,37,12.9,134
2018-05-15,360,13.3,135
2018-05-16,1023,13.5,136
2018-05-17,647,13.5,137
2018-05-18,654,13.6,138
2018-05-19,1707,13.6,139
2018-05-20,2281,13.8,140
2018-05-21,1254,13.8,141
2018-05-22,2239,14,142
2018-05-23,9563,14.2,143
2018-05-24,4493,14.6,144
2018-05-25,9272,14.7,145
2018-05-26,6189,14.4,146
2018-05-27,5738,14.6,147
2018-05-28,7329,14.8,148
2018-05-29,17838,14.8,149
2018-05-30,10744,14.7,150
2018-05-31,13479,14.8,151
2018-06-01,21441,15,152
2018-06-02,59590,15.2,153
2018-06-03,170623,15.4,154
2018-06-04,65876,15.2,155
2018-06-05,157536,15.2,156
2018-06-06,197540,15.3,157
2018-06-07,294371,15.5,158
2018-06-08,104673,15.6,159
2018-06-09,76395,15.7,160
2018-06-10,89080,15.6,161
2018-06-11,61458,15.6,162
2018-06-12,215700,15.8,163
2018-06-13,202335,15.9,164
2018-06-14,210065,15.8,165
2018-06-15,185092,15.9,166
2018-06-16,148896,16,167
2018-06-17,242022,16.3,168
2018-06-18,379739,16.6,169
2018-06-19,294307,16.8,170
2018-06-20,373447,17.3,171
2018-06-21,349260,17.5,172
2018-06-22,330587,17.8,173
2018-06-23,311992,17.9,174
2018-06-24,262076,18.2,175
2018-06-25,226854,18.3,176
2018-06-26,163669,18.4,177
2018-06-27,214056,18.4,178
2018-06-28,81511,18.3,179
2018-06-29,60002,18.6,180
2018-06-30,60159,18.9,181
2018-07-01,31551,19,182
2018-07-02,16416,18.7,183
2018-07-03,10893,18.7,184
2018-07-04,24779,18.7,185
2018-07-05,38941,18.9,186
2018-07-06,19274,19.4,187
2018-07-07,19607,19.5,188
2018-07-08,22945,19.7,189
2018-07-09,15808,19.6,190
2018-07-10,17998,19.4,191
2018-07-11,10025,19.6,192
2018-07-12,16016,19.9,193
2018-07-13,18812,20.2,194
2018-07-14,10136,20.4,195
2018-07-15,12343,20.6,196
2018-07-16,12940,20.8,197
2018-07-17,9045,20.9,198
2018-07-18,7152,21,199
2018-07-19,3964,20.8,200
2018-07-20,2367,20.5,201
2018-07-21,2715,20.3,202
2018-07-22,3286,20.6,203
2018-07-23,1558,21,204
2018-07-24,1765,21.5,205
2018-07-25,2016,21.7,206
2018-07-26,1024,21.8,207
2018-07-27,652,21.8,208
2018-07-28,626,21.8,209
2018-07-29,754,22,210
2018-07-30,744,22.3,211
2018-07-31,657,22.4,212
2018-08-01,1625,22.4,213
2018-08-02,1906,22.3,214
2018-08-03,2905,22,215
2018-08-04,1714,21.8,216
2018-08-05,1832,22,217
2018-08-06,941,22.1,218
2018-08-07,1075,22.4,219
2018-08-08,879,22.8,220
2018-08-09,600,22.9,221
2018-08-10,328,22.9,222
2018-08-11,245,22.7,223
2018-08-12,117,22.4,224
2018-08-13,318,22.2,225
2018-08-14,270,22,226
2018-08-15,716,22.2,227
2018-08-16,152,22.3,228
2018-08-17,137,22,229
2018-08-18,222,21.8,230
2018-08-19,245,21.8,231
2018-08-20,382,22,232
2018-08-21,423,21.8,233
2018-08-22,129,22.1,234
2018-08-23,47,22,235
2018-08-24,26,21.5,236
2018-08-25,59,21.1,237
2018-08-26,128,20.7,238
2018-08-27,68,20.5,239
2018-08-28,93,20.6,240
2018-08-29,119,20.9,241
2018-08-30,71,20.8,242
2018-08-31,40,20.7,243
2018-09-01,NA,15.2,244
2018-09-02,NA,15.7,245
2018-09-03,NA,15.8,246
2018-09-04,NA,16.1,247
2018-09-05,NA,18,248
2018-09-06,NA,19.7,249
2018-09-07,NA,20,250
2018-09-08,NA,20,251
2018-09-09,NA,19.9,252
2018-09-10,NA,19.9,253
2018-09-11,NA,19.8,254
2018-09-12,NA,19.7,255
2018-09-13,NA,19.4,256
2018-09-14,NA,19.3,257
2018-09-15,NA,19.2,258
2018-09-16,NA,19,259
2018-09-17,NA,18.9,260
2018-09-18,NA,18.9,261
2018-09-19,NA,18.9,262
2018-09-20,NA,18.7,263
2018-09-21,NA,18.5,264
2018-09-22,NA,18.5,265
2018-09-23,NA,18.5,266
2018-09-24,NA,18.3,267
2018-09-25,NA,18.1,268
2018-09-26,NA,17.9,269
2018-09-27,NA,18.1,270
2018-09-28,NA,NA,271
2018-09-29,NA,NA,272
2018-09-30,NA,NA,273
2018-10-01,NA,NA,274
2018-10-02,NA,NA,275
2018-10-03,NA,NA,276
2018-10-04,NA,NA,277
2018-10-05,NA,NA,278
2018-10-06,NA,NA,279
2018-10-07,NA,NA,280
2018-10-08,NA,NA,281
2018-10-09,NA,NA,282
2018-10-10,NA,NA,283
2018-10-11,NA,NA,284
2018-10-12,NA,NA,285
2018-10-13,NA,NA,286
2018-10-14,NA,NA,287
2018-10-15,NA,NA,288
2018-10-16,NA,NA,289
2018-10-17,NA,NA,290
2018-10-18,NA,NA,291
2018-10-19,NA,NA,292
2018-10-20,NA,NA,293
2018-10-21,NA,NA,294
2018-10-22,NA,NA,295
2018-10-23,NA,NA,296
2018-10-24,NA,NA,297
2018-10-25,NA,NA,298
2018-10-26,NA,NA,299
2018-10-27,NA,NA,300
2018-10-28,NA,NA,301
2018-10-29,NA,NA,302
2018-10-30,NA,NA,303
2018-10-31,NA,NA,304
2018-11-01,NA,NA,305
2018-11-02,NA,NA,306
2018-11-03,NA,NA,307
2018-11-04,NA,NA,308
2018-11-05,NA,NA,309
2018-11-06,NA,NA,310
2018-11-07,NA,NA,311
2018-11-08,NA,NA,312
2018-11-09,NA,NA,313
2018-11-10,NA,NA,314
2018-11-11,NA,NA,315
2018-11-12,NA,NA,316
2018-11-13,NA,NA,317
2018-11-14,NA,NA,318
2018-11-15,NA,NA,319
2018-11-16,NA,NA,320
2018-11-17,NA,NA,321
2018-11-18,NA,NA,322
2018-11-19,NA,NA,323
2018-11-20,NA,NA,324
2018-11-21,NA,NA,325
2018-11-22,NA,NA,326
2018-11-23,NA,NA,327
2018-11-24,NA,NA,328
2018-11-25,NA,NA,329
2018-11-26,NA,NA,330
2018-11-27,NA,NA,331
2018-11-28,NA,NA,332
2018-11-29,NA,NA,333
2018-11-30,NA,NA,334
2018-12-01,NA,NA,335
2018-12-02,NA,NA,336
2018-12-03,NA,NA,337
2018-12-04,NA,NA,338
2018-12-05,NA,NA,339
2018-12-06,NA,NA,340
2018-12-07,NA,NA,341
2018-12-08,NA,NA,342
2018-12-09,NA,NA,343
2018-12-10,NA,NA,344
2018-12-11,NA,NA,345
2018-12-12,NA,NA,346
2018-12-13,NA,NA,347
2018-12-14,NA,NA,348
2018-12-15,NA,NA,349
2018-12-16,NA,NA,350
2018-12-17,NA,NA,351
2018-12-18,NA,NA,352
2018-12-19,NA,NA,353
2018-12-20,NA,NA,354
2018-12-21,NA,NA,355
2018-12-22,NA,NA,356
2018-12-23,NA,NA,357
2018-12-24,NA,NA,358
2018-12-25,NA,NA,359
2018-12-26,NA,NA,360
2018-12-27,NA,NA,361
2018-12-28,NA,NA,362
2018-12-29,NA,NA,363
2018-12-30,NA,NA,364
2018-12-31,NA,NA,365
NA,NA,NA,NA
NA,NA,NA,NA
NA,NA,NA,NA
NA,NA,NA,NA
NA,NA,NA,NA
NA,NA,NA,NA
NA,NA,NA,NA
NA,NA,NA,NA
NA,NA,NA,NA
NA,NA,NA,NA
NA,NA,NA,NA
NA,NA,NA,NA
NA,NA,NA,NA
NA,NA,NA,NA
NA,NA,NA,NA
NA,NA,NA,NA
NA,NA,NA,NA
NA,NA,NA,NA
NA,NA,NA,NA
NA,NA,NA,NA
NA,NA,NA,NA
NA,NA,NA,NA
2017-01-01,NA,3.9,1
2017-01-02,NA,4.4,2
2017-01-03,NA,4.4,3
2017-01-04,NA,3.9,4
2017-01-05,NA,3.9,5
2017-01-06,NA,3.9,6
2017-01-07,NA,3.3,7
2017-01-08,NA,2.8,8
2017-01-09,NA,2.8,9
2017-01-10,NA,2.2,10
2017-01-11,NA,2.2,11
2017-01-12,NA,2.2,12
2017-01-13,NA,NA,13
2017-01-14,NA,1.7,14
2017-01-15,NA,1.1,15
2017-01-16,NA,0.6,16
2017-01-17,NA,0.6,17
2017-01-18,NA,0.6,18
2017-01-19,NA,0.6,19
2017-01-20,NA,0.6,20
2017-01-21,NA,0.6,21
2017-01-22,NA,NA,22
2017-01-23,NA,0.6,23
2017-01-24,NA,0.6,24
2017-01-25,NA,0.6,25
2017-01-26,NA,1.1,26
2017-01-27,NA,1.1,27
2017-01-28,NA,1.1,28
2017-01-29,NA,1.1,29
2017-01-30,NA,1.1,30
2017-01-31,NA,1.7,31
2017-02-01,NA,1.7,32
2017-02-02,NA,1.7,33
2017-02-03,NA,1.1,34
2017-02-04,NA,1.1,35
2017-02-05,NA,1.1,36
2017-02-06,NA,1.1,37
2017-02-07,NA,1.1,38
2017-02-08,NA,1.7,39
2017-02-09,NA,NA,40
2017-02-10,NA,NA,41
2017-02-11,NA,NA,42
2017-02-12,NA,2.2,43
2017-02-13,NA,2.2,44
2017-02-14,NA,2.2,45
2017-02-15,NA,2.2,46
2017-02-16,NA,1.7,47
2017-02-17,NA,1.7,48
2017-02-18,NA,1.7,49
2017-02-19,NA,2.2,50
2017-02-20,NA,1.7,51
2017-02-21,NA,2.2,52
2017-02-22,NA,2.2,53
2017-02-23,NA,2.2,54
2017-02-24,NA,2.8,55
2017-02-25,NA,3.3,56
2017-02-26,NA,2.8,57
2017-02-27,NA,2.8,58
2017-02-28,NA,2.8,59
2017-03-01,NA,3.8,60
2017-03-02,NA,3.8,61
2017-03-03,NA,4,62
2017-03-04,NA,4.1,63
2017-03-05,NA,4,64
2017-03-06,NA,4.1,65
2017-03-07,NA,4.2,66
2017-03-08,NA,4.2,67
2017-03-09,NA,4.4,68
2017-03-10,NA,4.8,69
2017-03-11,NA,4.9,70
2017-03-12,NA,5,71
2017-03-13,NA,5.1,72
2017-03-14,NA,5.2,73
2017-03-15,NA,5.3,74
2017-03-16,NA,5.4,75
2017-03-17,NA,5.5,76
2017-03-18,NA,5.8,77
2017-03-19,NA,6.1,78
2017-03-20,NA,6.2,79
2017-03-21,NA,6.4,80
2017-03-22,NA,6.6,81
2017-03-23,NA,6.8,82
2017-03-24,NA,6.9,83
2017-03-25,NA,6.8,84
2017-03-26,NA,6.6,85
2017-03-27,NA,6.7,86
2017-03-28,NA,6.8,87
2017-03-29,NA,6.8,88
2017-03-30,NA,6.9,89
2017-03-31,NA,7.2,90
2017-04-01,NA,7.3,91
2017-04-02,NA,7.4,92
2017-04-03,NA,7.5,93
2017-04-04,NA,7.6,94
2017-04-05,NA,7.9,95
2017-04-06,NA,8.1,96
2017-04-07,NA,8.3,97
2017-04-08,NA,8.3,98
2017-04-09,NA,8.3,99
2017-04-10,NA,8.4,100
2017-04-11,NA,8.5,101
2017-04-12,NA,8.4,102
2017-04-13,NA,8.4,103
2017-04-14,NA,8.4,104
2017-04-15,NA,8.6,105
2017-04-16,NA,8.6,106
2017-04-17,NA,8.7,107
2017-04-18,NA,9,108
2017-04-19,NA,9.1,109
2017-04-20,NA,9.1,110
2017-04-21,NA,9.4,111
2017-04-22,NA,9.5,112
2017-04-23,NA,9.7,113
2017-04-24,NA,9.8,114
2017-04-25,NA,9.9,115
2017-04-26,NA,10.1,116
2017-04-27,NA,10.1,117
2017-04-28,NA,10.2,118
2017-04-29,NA,10.4,119
2017-04-30,NA,10.5,120
2017-05-01,NA,10.5,121
2017-05-02,NA,10.5,122
2017-05-03,NA,11,123
2017-05-04,NA,11.5,124
2017-05-05,NA,11.7,125
2017-05-06,NA,11.7,126
2017-05-07,NA,11.7,127
2017-05-08,NA,12,128
2017-05-09,NA,12.2,129
2017-05-10,4,12.2,130
2017-05-11,11,12.3,131
2017-05-12,5,12.2,132
2017-05-13,NA,12.3,133
2017-05-14,1,12.4,134
2017-05-15,NA,12.5,135
2017-05-16,5,12.2,136
2017-05-17,1,11.8,137
2017-05-18,4,11.9,138
2017-05-19,5,12.2,139
2017-05-20,2,12.5,140
2017-05-21,2,12.7,141
2017-05-22,5,12.9,142
2017-05-23,4,13.2,143
2017-05-24,13,13.1,144
2017-05-25,8,13.2,145
2017-05-26,362,13.6,146
2017-05-27,2183,14,147
2017-05-28,1829,14.2,148
2017-05-29,2333,14.4,149
2017-05-30,5101,14.3,150
2017-05-31,5072,14.5,151
2017-06-01,10037,14.8,152
2017-06-02,17193,15.1,153
2017-06-03,21821,15.1,154
2017-06-04,4205,14.8,155
2017-06-05,2638,14.6,156
2017-06-06,7548,14.8,157
2017-06-07,38253,15,158
2017-06-08,42917,15.2,159
2017-06-09,88217,15,160
2017-06-10,69270,14.9,161
2017-06-11,124436,14.9,162
2017-06-12,28306,14.9,163
2017-06-13,3609,14.7,164
2017-06-14,15223,14.8,165
2017-06-15,25141,14.9,166
2017-06-16,13342,15,167
2017-06-17,43743,15.2,168
2017-06-18,94411,15.5,169
2017-06-19,280213,16,170
2017-06-20,246596,16.2,171
2017-06-21,148872,16.3,172
2017-06-22,264213,16.4,173
2017-06-23,251351,16.8,174
2017-06-24,166533,17.2,175
2017-06-25,195127,17.6,176
2017-06-26,179643,17.8,177
2017-06-27,77473,17.8,178
2017-06-28,40629,17.7,179
2017-06-29,20930,17.7,180
2017-06-30,119968,18.1,181
2017-07-01,44051,18.4,182
2017-07-02,26095,18.6,183
2017-07-03,36341,18.7,184
2017-07-04,44525,18.8,185
2017-07-05,45233,19.2,186
2017-07-06,20859,19.5,187
2017-07-07,18971,19.7,188
2017-07-08,23520,19.8,189
2017-07-09,37699,19.9,190
2017-07-10,30868,20,191
2017-07-11,15829,19.9,192
2017-07-12,23453,20,193
2017-07-13,18194,20.1,194
2017-07-14,15732,20.4,195
2017-07-15,12737,20.6,196
2017-07-16,7025,20.5,197
2017-07-17,5441,20.5,198
2017-07-18,5772,20.6,199
2017-07-19,5355,20.6,200
2017-07-20,6947,20.8,201
2017-07-21,4181,20.9,202
2017-07-22,3704,21.1,203
2017-07-23,3308,21.3,204
2017-07-24,1432,21.4,205
2017-07-25,2185,21.6,206
2017-07-26,3101,21.7,207
2017-07-27,1349,21.6,208
2017-07-28,1735,21.6,209
2017-07-29,1511,21.5,210
2017-07-30,766,21.4,211
2017-07-31,888,21.6,212
2017-08-01,846,22,213
2017-08-02,1432,22.2,214
2017-08-03,651,22.5,215
2017-08-04,565,22.7,216
2017-08-05,388,22.7,217
2017-08-06,241,22.6,218
2017-08-07,317,22.6,219
2017-08-08,246,22.7,220
2017-08-09,255,22.8,221
2017-08-10,146,23,222
2017-08-11,113,23.1,223
2017-08-12,89,22.9,224
2017-08-13,80,22.7,225
2017-08-14,136,22.3,226
2017-08-15,107,22,227
2017-08-16,130,21.9,228
2017-08-17,217,21.8,229
2017-08-18,320,21.9,230
2017-08-19,215,21.7,231
2017-08-20,117,21.7,232
2017-08-21,191,21.6,233
2017-08-22,123,21.8,234
2017-08-23,83,21.9,235
2017-08-24,96,21.7,236
2017-08-25,101,21.7,237
2017-08-26,74,21.7,238
2017-08-27,111,21.6,239
2017-08-28,199,21.7,240
2017-08-29,73,22,241
2017-08-30,56,21.9,242
2017-08-31,68,21.8,243
2017-09-01,NA,21.8,244
2017-09-02,NA,21.8,245
2017-09-03,NA,21.8,246
2017-09-04,NA,21.9,247
2017-09-06,NA,21.7,249
2017-09-07,NA,21.8,250
2017-09-08,NA,21.7,251
2017-09-09,NA,21.6,252
2017-09-10,NA,21.5,253
2017-09-11,NA,21.4,254
2017-09-12,NA,21.5,255
2017-09-13,NA,21.4,256
2017-09-14,NA,20.9,257
2017-09-15,NA,20.7,258
2017-09-16,NA,20.5,259
2017-09-17,NA,20.2,260
2017-09-18,NA,20.2,261
2017-09-19,NA,19.8,262
2017-09-20,NA,19.4,263
2017-09-21,NA,19.2,264
2017-09-22,NA,19,265
2017-09-23,NA,NA,266
2017-09-24,NA,NA,267
2017-09-25,NA,NA,268
2017-09-26,NA,NA,269
2017-09-27,NA,NA,270
2017-09-28,NA,NA,271
2017-09-29,NA,NA,272
2017-09-30,NA,NA,273
2017-10-01,NA,NA,274
2017-10-02,NA,NA,275
2017-10-03,NA,NA,276
2017-10-04,NA,NA,277
2017-10-05,NA,NA,278
2017-10-06,NA,NA,279
2017-10-07,NA,NA,280
2017-10-08,NA,NA,281
2017-10-09,NA,NA,282
2017-10-10,NA,NA,283
2017-10-11,NA,NA,284
2017-10-12,NA,NA,285
2017-10-13,NA,NA,286
2017-10-14,NA,NA,287
2017-10-15,NA,NA,288
2017-10-16,NA,NA,289
2017-10-17,NA,NA,290
2017-10-18,NA,NA,291
2017-10-19,NA,NA,292
2017-10-20,NA,NA,293
2017-10-21,NA,NA,294
2017-10-22,NA,NA,295
2017-10-23,NA,NA,296
2017-10-24,NA,NA,297
2017-10-25,NA,NA,298
2017-10-26,NA,NA,299
2017-10-27,NA,NA,300
2017-10-28,NA,NA,301
2017-10-29,NA,NA,302
2017-10-30,NA,NA,303
2017-10-31,NA,NA,304
2017-11-01,NA,NA,305
2017-11-02,NA,NA,306
2017-11-03,NA,NA,307
2017-11-04,NA,NA,308
2017-11-05,NA,NA,309
2017-11-06,NA,NA,310
2017-11-07,NA,NA,311
2017-11-08,NA,NA,312
2017-11-09,NA,NA,313
2017-11-10,NA,NA,314
2017-11-11,NA,NA,315
2017-11-12,NA,NA,316
2017-11-13,NA,NA,317
2017-11-14,NA,NA,318
2017-11-15,NA,NA,319
2017-11-16,NA,NA,320
2017-11-17,NA,NA,321
2017-11-18,NA,NA,322
2017-11-19,NA,NA,323
2017-11-20,NA,NA,324
2017-11-21,NA,NA,325
2017-11-22,NA,NA,326
2017-11-23,NA,NA,327
2017-11-24,NA,NA,328
2017-11-25,NA,NA,329
2017-11-26,NA,NA,330
2017-11-27,NA,NA,331
2017-11-28,NA,NA,332
2017-11-29,NA,NA,333
2017-11-30,NA,NA,334
2017-12-01,NA,NA,335
2017-12-02,NA,NA,336
2017-12-03,NA,NA,337
2017-12-04,NA,NA,338
2017-12-05,NA,NA,339
2017-12-06,NA,NA,340
2017-12-07,NA,NA,341
2017-12-08,NA,NA,342
2017-12-09,NA,NA,343
2017-12-10,NA,NA,344
2017-12-11,NA,NA,345
2017-12-12,NA,NA,346
2017-12-13,NA,NA,347
2017-12-14,NA,NA,348
2017-12-15,NA,NA,349
2017-12-16,NA,NA,350
2017-12-17,NA,NA,351
2017-12-18,NA,NA,352
2017-12-19,NA,NA,353
2017-12-20,NA,NA,354
2017-12-21,NA,NA,355
2017-12-22,NA,NA,356
2017-12-23,NA,NA,357
2017-12-24,NA,NA,358
2017-12-25,NA,NA,359
2017-12-26,NA,NA,360
2017-12-27,NA,NA,361
2017-12-28,NA,NA,362
2017-12-29,NA,NA,363
2017-12-30,NA,NA,364
2017-12-31,NA,NA,365
NA,NA,NA,NA
NA,NA,NA,NA
NA,NA,NA,NA
NA,NA,NA,NA
NA,NA,NA,NA
NA,NA,NA,NA
NA,NA,NA,NA
NA,NA,NA,NA
NA,NA,NA,NA
NA,NA,NA,NA
NA,NA,NA,NA
NA,NA,NA,NA
NA,NA,NA,NA
NA,NA,NA,NA
NA,NA,NA,NA
NA,NA,NA,NA
NA,NA,NA,NA
NA,NA,NA,NA
NA,NA,NA,NA
NA,NA,NA,NA
NA,NA,NA,NA
NA,NA,NA,NA
2016-01-01,NA,5.6,1
2016-01-02,NA,5,2
2016-01-03,NA,4.4,3
2016-01-04,NA,4.4,4
2016-01-05,NA,4.4,5
2016-01-06,NA,3.9,6
2016-01-07,NA,3.9,7
2016-01-08,NA,3.9,8
2016-01-09,NA,3.9,9
2016-01-10,NA,3.9,10
2016-01-11,NA,3.3,11
2016-01-12,NA,3.3,12
2016-01-13,NA,3.3,13
2016-01-14,NA,3.3,14
2016-01-15,NA,3.3,15
2016-01-16,NA,3.3,16
2016-01-17,NA,3.3,17
2016-01-18,NA,3.3,18
2016-01-19,NA,3.3,19
2016-01-20,NA,3.9,20
2016-01-21,NA,3.9,21
2016-01-22,NA,3.9,22
2016-01-23,NA,3.9,23
2016-01-24,NA,4.4,24
2016-01-25,NA,4.4,25
2016-01-26,NA,5,26
2016-01-27,NA,5,27
2016-01-28,NA,5,28
2016-01-29,NA,5.6,29
2016-01-30,NA,5,30
2016-01-31,NA,5.6,31
2016-02-01,NA,5.6,32
2016-02-02,NA,5.6,33
2016-02-03,NA,5.6,34
2016-02-04,NA,5.6,35
2016-02-05,NA,5.6,36
2016-02-06,NA,5.6,37
2016-02-07,NA,5.6,38
2016-02-08,NA,5,39
2016-02-09,NA,5,40
2016-02-10,NA,5,41
2016-02-11,NA,5,42
2016-02-12,NA,5,43
2016-02-13,NA,5,44
2016-02-14,NA,5,45
2016-02-15,NA,5,46
2016-02-16,NA,5,47
2016-02-17,NA,5,48
2016-02-18,NA,5.6,49
2016-02-19,NA,5,50
2016-02-20,NA,5,51
2016-02-21,NA,5,52
2016-02-22,NA,5,53
2016-02-23,NA,5,54
2016-02-24,NA,5,55
2016-02-25,NA,5,56
2016-02-26,NA,5,57
2016-02-27,NA,5,58
2016-02-28,NA,5.6,59
2016-02-29,NA,5.6,60
2016-03-01,NA,5.6,61
2016-03-02,NA,5.6,62
2016-03-03,NA,5.6,63
2016-03-04,NA,5.6,64
2016-03-05,NA,5.6,65
2016-03-06,NA,5.6,66
2016-03-07,NA,5.6,67
2016-03-08,NA,NA,68
2016-03-09,NA,5.6,69
2016-03-10,NA,5.6,70
2016-03-11,NA,6.1,71
2016-03-12,NA,6.1,72
2016-03-13,NA,6.1,73
2016-03-14,NA,NA,74
2016-03-15,NA,6.8,75
2016-03-16,NA,7,76
2016-03-17,NA,7.1,77
2016-03-18,NA,7.1,78
2016-03-19,NA,7.1,79
2016-03-20,NA,7.2,80
2016-03-21,NA,7.1,81
2016-03-22,NA,7.1,82
2016-03-23,NA,7.2,83
2016-03-24,NA,7.3,84
2016-03-25,NA,7.4,85
2016-03-26,NA,7.6,86
2016-03-27,NA,7.8,87
2016-03-28,NA,7.8,88
2016-03-29,NA,8,89
2016-03-30,NA,8.2,90
2016-03-31,NA,8.5,91
2016-04-01,NA,8.8,92
2016-04-02,NA,9,93
2016-04-03,NA,9.2,94
2016-04-04,NA,9.4,95
2016-04-05,NA,9.3,96
2016-04-06,NA,9.5,97
2016-04-07,NA,9.7,98
2016-04-08,NA,10.1,99
2016-04-09,NA,10.4,100
2016-04-10,NA,10.6,101
2016-04-11,NA,10.7,102
2016-04-12,NA,10.9,103
2016-04-13,NA,11.1,104
2016-04-14,NA,11.2,105
2016-04-15,NA,11,106
2016-04-16,NA,11.1,107
2016-04-17,NA,11.4,108
2016-04-18,NA,11.7,109
2016-04-19,NA,11.9,110
2016-04-20,NA,12.1,111
2016-04-21,NA,12.1,112
2016-04-22,NA,12,113
2016-04-23,NA,11.9,114
2016-04-24,NA,11.9,115
2016-04-25,NA,11.9,116
2016-04-26,NA,11.7,117
2016-04-27,NA,11.8,118
2016-04-28,NA,12,119
2016-04-29,NA,12,120
2016-04-30,NA,12.1,121
2016-05-01,NA,12.3,122
2016-05-02,5,12.7,123
2016-05-03,23,13,124
2016-05-04,19,13,125
2016-05-05,43,13,126
2016-05-06,25,13.2,127
2016-05-07,47,13.7,128
2016-05-08,191,13.8,129
2016-05-09,128,13.8,130
2016-05-10,158,13.8,131
2016-05-11,154,14.2,132
2016-05-12,522,14.6,133
2016-05-13,2622,14.8,134
2016-05-14,750,14.8,135
2016-05-15,1230,14.7,136
2016-05-16,1270,14.6,137
2016-05-17,921,14.7,138
2016-05-18,1741,15.1,139
2016-05-19,2347,15.1,140
2016-05-20,1653,15,141
2016-05-21,553,14.8,142
2016-05-22,881,14.8,143
2016-05-23,2986,14.9,144
2016-05-24,3153,15,145
2016-05-25,3196,15,146
2016-05-26,1964,15,147
2016-05-27,4961,15,148
2016-05-28,2025,15,149
2016-05-29,3162,15,150
2016-05-30,6626,15.3,151
2016-05-31,10499,15.6,152
2016-06-01,45523,15.9,153
2016-06-02,33412,16.1,154
2016-06-03,44791,16.4,155
2016-06-04,50625,16.7,156
2016-06-05,80068,17.1,157
2016-06-06,71753,17.7,158
2016-06-07,98565,18.1,159
2016-06-08,75489,18,160
2016-06-09,34020,17.6,161
2016-06-10,21885,17.4,162
2016-06-11,20558,17.4,163
2016-06-12,42922,17.6,164
2016-06-13,60440,17.7,165
2016-06-14,32514,17.7,166
2016-06-15,49912,17.7,167
2016-06-16,54892,17.5,168
2016-06-17,91502,17.5,169
2016-06-18,73972,17.5,170
2016-06-19,38073,17.4,171
2016-06-20,55841,17.8,172
2016-06-21,52555,17.8,173
2016-06-22,83666,17.8,174
2016-06-23,53310,17.8,175
2016-06-24,39376,17.7,176
2016-06-25,45102,17.7,177
2016-06-26,52410,18.1,178
2016-06-27,45970,18.5,179
2016-06-28,39498,18.8,180
2016-06-29,31774,19,181
2016-06-30,20586,18.9,182
2016-07-01,20311,18.8,183
2016-07-02,25492,19.1,184
2016-07-03,15334,19.3,185
2016-07-04,9564,19.3,186
2016-07-05,9240,19.2,187
2016-07-06,11028,19.3,188
2016-07-07,22730,19.5,189
2016-07-08,7261,19.6,190
2016-07-09,8224,19.9,191
2016-07-10,7398,19.9,192
2016-07-11,2835,19.9,193
2016-07-12,984,20,194
2016-07-13,2098,20.1,195
2016-07-14,1931,20.2,196
2016-07-15,2742,20.1,197
2016-07-16,3233,20,198
2016-07-17,2811,20.1,199
2016-07-18,3558,20,200
2016-07-19,2405,20.1,201
2016-07-20,1693,20.3,202
2016-07-21,1439,20.5,203
2016-07-22,1372,20.5,204
2016-07-23,534,20.4,205
2016-07-24,490,20.7,206
2016-07-25,658,21,207
2016-07-26,503,21,208
2016-07-27,456,21.2,209
2016-07-28,557,21.7,210
2016-07-29,639,21.8,211
2016-07-30,913,21.7,212
2016-07-31,1152,21.4,213
2016-08-01,750,21.2,214
2016-08-02,417,20.9,215
2016-08-03,208,20.9,216
2016-08-04,389,21.4,217
2016-08-05,390,21.9,218
2016-08-06,324,21.5,219
2016-08-07,366,21.4,220
2016-08-08,123,21.3,221
2016-08-09,166,20.9,222
2016-08-10,324,20.9,223
2016-08-11,318,21.2,224
2016-08-12,392,21.5,225
2016-08-13,287,21.8,226
2016-08-14,124,21.9,227
2016-08-15,147,21.9,228
2016-08-16,94,21.8,229
2016-08-17,141,21.6,230
2016-08-18,118,21.6,231
2016-08-19,118,21.7,232
2016-08-20,84,21.9,233
2016-08-21,74,22.1,234
2016-08-22,38,21.8,235
2016-08-23,29,21.7,236
2016-08-24,53,21.9,237
2016-08-25,63,22,238
2016-08-26,28,22,239
2016-08-27,84,22.2,240
2016-08-28,26,22.1,241
2016-08-29,126,22,242
2016-08-30,36,21.8,243
2016-08-31,22,21.6,244
2016-09-01,NA,21.2,245
2016-09-02,NA,21.1,246
2016-09-03,NA,20.9,247
2016-09-04,NA,20.7,248
2016-09-05,NA,20.5,249
2016-09-06,NA,20.3,250
2016-09-07,NA,20.1,251
2016-09-08,NA,20.1,252
2016-09-09,NA,20,253
2016-09-10,NA,19.9,254
2016-09-11,NA,20,255
2016-09-12,NA,19.8,256
2016-09-13,NA,19.6,257
2016-09-14,NA,19.5,258
2016-09-15,NA,NA,259
2016-09-16,NA,NA,260
2016-09-17,NA,NA,261
2016-09-18,NA,NA,262
2016-09-19,NA,NA,263
2016-09-20,NA,NA,264
2016-09-21,NA,NA,265
2016-09-22,NA,NA,266
2016-09-23,NA,NA,267
2016-09-24,NA,NA,268
2016-09-25,NA,NA,269
2016-09-26,NA,NA,270
2016-09-27,NA,NA,271
2016-09-28,NA,NA,272
2016-09-29,NA,NA,273
2016-09-30,NA,NA,274
2016-10-01,NA,NA,275
2016-10-02,NA,NA,276
2016-10-03,NA,NA,277
2016-10-04,NA,NA,278
2016-10-05,NA,NA,279
2016-10-06,NA,NA,280
2016-10-07,NA,NA,281
2016-10-08,NA,NA,282
2016-10-09,NA,NA,283
2016-10-10,NA,NA,284
2016-10-11,NA,NA,285
2016-10-12,NA,NA,286
2016-10-13,NA,NA,287
2016-10-14,NA,NA,288
2016-10-15,NA,NA,289
2016-10-16,NA,NA,290
2016-10-17,NA,NA,291
2016-10-18,NA,NA,292
2016-10-19,NA,NA,293
2016-10-20,NA,NA,294
2016-10-21,NA,NA,295
2016-10-22,NA,NA,296
2016-10-23,NA,NA,297
2016-10-24,NA,NA,298
2016-10-25,NA,NA,299
2016-10-26,NA,NA,300
2016-10-27,NA,NA,301
2016-10-28,NA,NA,302
2016-10-29,NA,NA,303
2016-10-30,NA,NA,304
2016-10-31,NA,NA,305
2016-11-01,NA,NA,306
2016-11-02,NA,NA,307
2016-11-03,NA,NA,308
2016-11-04,NA,NA,309
2016-11-05,NA,NA,310
2016-11-06,NA,NA,311
2016-11-07,NA,NA,312
2016-11-08,NA,NA,313
2016-11-09,NA,NA,314
2016-11-10,NA,NA,315
2016-11-11,NA,NA,316
2016-11-12,NA,NA,317
2016-11-13,NA,NA,318
2016-11-14,NA,NA,319
2016-11-15,NA,NA,320
2016-11-16,NA,NA,321
2016-11-17,NA,NA,322
2016-11-18,NA,NA,323
2016-11-19,NA,NA,324
2016-11-20,NA,NA,325
2016-11-21,NA,NA,326
2016-11-22,NA,NA,327
2016-11-23,NA,NA,328
2016-11-24,NA,NA,329
2016-11-25,NA,NA,330
2016-11-26,NA,NA,331
2016-11-27,NA,NA,332
2016-11-28,NA,NA,333
2016-11-29,NA,NA,334
2016-11-30,NA,NA,335
2016-12-01,NA,NA,336
2016-12-02,NA,NA,337
2016-12-03,NA,NA,338
2016-12-04,NA,NA,339
2016-12-05,NA,NA,340
2016-12-06,NA,NA,341
2016-12-07,NA,NA,342
2016-12-08,NA,NA,343
2016-12-09,NA,NA,344
2016-12-10,NA,NA,345
2016-12-11,NA,NA,346
2016-12-12,NA,NA,347
2016-12-13,NA,NA,348
2016-12-14,NA,NA,349
2016-12-15,NA,NA,350
2016-12-16,NA,NA,351
2016-12-17,NA,NA,352
2016-12-18,NA,NA,353
2016-12-19,NA,NA,354
2016-12-20,NA,NA,355
2016-12-21,NA,NA,356
2016-12-22,NA,NA,357
2016-12-23,NA,NA,358
2016-12-24,NA,NA,359
2016-12-25,NA,NA,360
2016-12-26,NA,NA,361
2016-12-27,NA,NA,362
2016-12-28,NA,NA,363
2016-12-29,NA,NA,364
2016-12-30,NA,NA,365
2016-12-31,NA,NA,366
NA,NA,NA,NA
NA,NA,NA,NA
NA,NA,NA,NA
NA,NA,NA,NA
NA,NA,NA,NA
NA,NA,NA,NA
NA,NA,NA,NA
NA,NA,NA,NA
NA,NA,NA,NA
NA,NA,NA,NA
NA,NA,NA,NA
NA,NA,NA,NA
NA,NA,NA,NA
NA,NA,NA,NA
NA,NA,NA,NA
NA,NA,NA,NA
NA,NA,NA,NA
NA,NA,NA,NA
NA,NA,NA,NA
NA,NA,NA,NA
NA,NA,NA,NA
NA,NA,NA,NA
2015-01-01,NA,6.7,1
2015-01-02,NA,6.1,2
2015-01-03,NA,5.6,3
2015-01-04,NA,5.6,4
2015-01-05,NA,5.6,5
2015-01-06,NA,5.6,6
2015-01-07,NA,5.6,7
2015-01-08,NA,5,8
2015-01-09,NA,5,9
2015-01-10,NA,5,10
2015-01-11,NA,5,11
2015-01-12,NA,5,12
2015-01-13,NA,4.4,13
2015-01-14,NA,4.4,14
2015-01-15,NA,4.4,15
2015-01-16,NA,4.4,16
2015-01-17,NA,4.4,17
2015-01-18,NA,4.4,18
2015-01-19,NA,4.4,19
2015-01-20,NA,4.4,20
2015-01-21,NA,4.4,21
2015-01-22,NA,4.4,22
2015-01-23,NA,4.4,23
2015-01-24,NA,4.4,24
2015-01-25,NA,5,25
2015-01-26,NA,5,26
2015-01-27,NA,5,27
2015-01-28,NA,5,28
2015-01-29,NA,5,29
2015-01-30,NA,5,30
2015-01-31,NA,5,31
2015-02-01,NA,5,32
2015-02-02,NA,3.9,33
2015-02-03,NA,4.4,34
2015-02-04,NA,4.4,35
2015-02-05,NA,4.4,36
2015-02-06,NA,3.9,37
2015-02-07,NA,3.9,38
2015-02-08,NA,4.4,39
2015-02-09,NA,4.4,40
2015-02-10,NA,4.4,41
2015-02-11,NA,5,42
2015-02-12,NA,5,43
2015-02-13,NA,5,44
2015-02-14,NA,5,45
2015-02-15,NA,5,46
2015-02-16,NA,5,47
2015-02-17,NA,5,48
2015-02-18,NA,5,49
2015-02-19,NA,5,50
2015-02-20,NA,5.6,51
2015-02-21,NA,5.6,52
2015-02-22,NA,5.6,53
2015-02-23,NA,5.6,54
2015-02-24,NA,5.6,55
2015-02-25,NA,5.6,56
2015-02-26,NA,5.6,57
2015-02-27,NA,5.6,58
2015-02-28,NA,5.6,59
2015-03-01,NA,5.6,60
2015-03-02,NA,5.6,61
2015-03-03,NA,5.6,62
2015-03-04,NA,5.6,63
2015-03-05,NA,5.6,64
2015-03-06,NA,5.6,65
2015-03-07,NA,5.6,66
2015-03-08,NA,5.6,67
2015-03-09,NA,5.6,68
2015-03-10,NA,5.6,69
2015-03-11,NA,5.6,70
2015-03-12,NA,6.1,71
2015-03-13,NA,6.1,72
2015-03-14,NA,6.7,73
2015-03-15,NA,6.7,74
2015-03-16,NA,6.7,75
2015-03-17,NA,6.7,76
2015-03-18,NA,7.5,77
2015-03-19,NA,7.6,78
2015-03-20,NA,7.7,79
2015-03-21,NA,7.9,80
2015-03-22,NA,8.1,81
2015-03-23,NA,8.2,82
2015-03-24,NA,8.3,83
2015-03-25,NA,8.4,84
2015-03-26,NA,8.6,85
2015-03-27,NA,8.7,86
2015-03-28,NA,9,87
2015-03-29,NA,9,88
2015-03-30,NA,9.1,89
2015-03-31,NA,9.1,90
2015-04-01,NA,9.1,91
2015-04-02,NA,9.1,92
2015-04-03,NA,9,93
2015-04-04,NA,9,94
2015-04-05,NA,9.2,95
2015-04-06,NA,9.3,96
2015-04-07,NA,9.5,97
2015-04-08,NA,9.6,98
2015-04-09,NA,9.7,99
2015-04-10,NA,9.9,100
2015-04-11,NA,9.8,101
2015-04-12,NA,9.8,102
2015-04-13,NA,9.8,103
2015-04-14,NA,9.7,104
2015-04-15,NA,9.7,105
2015-04-16,NA,9.8,106
2015-04-17,NA,10,107
2015-04-18,NA,10.3,108
2015-04-19,NA,10.6,109
2015-04-20,NA,10.9,110
2015-04-21,NA,10.9,111
2015-04-22,NA,11,112
2015-04-23,NA,10.9,113
2015-04-24,NA,10.7,114
2015-04-25,NA,10.7,115
2015-04-26,NA,10.9,116
2015-04-27,NA,11.3,117
2015-04-28,NA,11.7,118
2015-04-29,NA,12,119
2015-04-30,NA,12.2,120
2015-05-01,NA,12.6,121
2015-05-02,NA,12.5,122
2015-05-03,NA,12.8,123
2015-05-04,NA,13,124
2015-05-05,NA,13.1,125
2015-05-06,NA,13.2,126
2015-05-07,1,13.2,127
2015-05-08,14,13.3,128
2015-05-09,23,13.6,129
2015-05-10,14,14,130
2015-05-11,8,14,131
2015-05-12,1,13.9,132
2015-05-13,51,14,133
2015-05-14,136,13.9,134
2015-05-15,1173,14.1,135
2015-05-16,1099,14.2,136
2015-05-17,791,14.5,137
2015-05-18,914,14.9,138
2015-05-19,922,15.1,139
2015-05-20,2827,15.2,140
2015-05-21,2620,15.4,141
2015-05-22,5853,15.4,142
2015-05-23,4867,15.2,143
2015-05-24,3063,15.1,144
2015-05-25,1723,15.3,145
2015-05-26,2774,15.6,146
2015-05-27,7252,16.1,147
2015-05-28,21758,16.6,148
2015-05-29,42325,16.9,149
2015-05-30,43002,17,150
2015-05-31,49598,17.3,151
2015-06-01,53208,17.3,152
2015-06-02,34780,17.1,153
2015-06-03,18845,17.4,154
2015-06-04,31561,17.6,155
2015-06-05,63891,18,156
2015-06-06,63690,18.3,157
2015-06-07,54284,18.6,158
2015-06-08,46556,18.9,159
2015-06-09,82464,19.1,160
2015-06-10,45926,18.9,161
2015-06-11,24077,18.6,162
2015-06-12,23222,18.4,163
2015-06-13,34792,18.4,164
2015-06-14,62398,18.9,165
2015-06-15,67309,19.2,166
2015-06-16,83111,19.5,167
2015-06-17,51509,19.4,168
2015-06-18,64847,19.6,169
2015-06-19,61336,19.7,170
2015-06-20,53904,19.7,171
2015-06-21,82440,19.8,172
2015-06-22,51673,19.9,173
2015-06-23,38677,19.9,174
2015-06-24,54290,20.1,175
2015-06-25,34971,20.4,176
2015-06-26,34714,20.7,177
2015-06-27,30520,21.1,178
2015-06-28,47080,21.3,179
2015-06-29,25576,21.4,180
2015-06-30,29273,21.6,181
2015-07-01,28700,21.8,182
2015-07-02,21957,22,183
2015-07-03,20974,22.2,184
2015-07-04,14872,22.3,185
2015-07-05,16494,22.5,186
2015-07-06,12436,22.8,187
2015-07-07,10971,22.6,188
2015-07-08,12756,22.6,189
2015-07-09,9030,22.8,190
2015-07-10,6061,22.7,191
2015-07-11,3611,22.4,192
2015-07-12,1508,22.2,193
2015-07-13,1262,22.5,194
2015-07-14,1310,22.6,195
2015-07-15,892,22.5,196
2015-07-16,949,22.5,197
2015-07-17,840,22.4,198
2015-07-18,820,22.6,199
2015-07-19,187,22.8,200
2015-07-20,462,22.9,201
2015-07-21,457,22.6,202
2015-07-22,610,22.2,203
2015-07-23,371,21.9,204
2015-07-24,360,21.7,205
2015-07-25,230,21.7,206
2015-07-26,217,21.4,207
2015-07-27,172,21.3,208
2015-07-28,222,21.5,209
2015-07-29,134,21.9,210
2015-07-30,189,22.1,211
2015-07-31,175,22.3,212
2015-08-01,127,22.4,213
2015-08-02,262,22.2,214
2015-08-03,261,22,215
2015-08-04,91,21.6,216
2015-08-05,79,21.3,217
2015-08-06,51,21.2,218
2015-08-07,179,21.2,219
2015-08-08,117,21.5,220
2015-08-09,61,21.8,221
2015-08-10,84,22.2,222
2015-08-11,79,22.2,223
2015-08-12,70,22.2,224
2015-08-13,43,22.1,225
2015-08-14,68,22,226
2015-08-15,57,21.8,227
2015-08-16,77,21.7,228
2015-08-17,8,21.8,229
2015-08-18,22,21.9,230
2015-08-19,44,22.1,231
2015-08-20,29,22.2,232
2015-08-21,30,21.7,233
2015-08-22,21,21.4,234
2015-08-23,26,21.1,235
2015-08-24,19,21,236
2015-08-25,9,21,237
2015-08-26,19,21.1,238
2015-08-27,41,21.3,239
2015-08-28,18,21.4,240
2015-08-29,11,21.4,241
2015-08-30,17,21.2,242
2015-08-31,19,21,243
2015-09-01,NA,20.9,244
2015-09-02,NA,20.8,245
2015-09-03,NA,20.6,246
2015-09-04,NA,20.3,247
2015-09-05,NA,20.1,248
2015-09-06,NA,19.7,249
2015-09-07,NA,19.4,250
2015-09-08,NA,19.5,251
2015-09-09,NA,19.8,252
2015-09-10,NA,19.9,253
2015-09-11,NA,19.9,254
2015-09-12,NA,20.1,255
2015-09-13,NA,20.3,256
2015-09-14,NA,19.9,257
2015-09-15,NA,19.2,258
2015-09-16,NA,18.9,259
2015-09-17,NA,NA,260
2015-09-18,NA,NA,261
2015-09-19,NA,NA,262
2015-09-20,NA,NA,263
2015-09-21,NA,NA,264
2015-09-22,NA,NA,265
2015-09-23,NA,NA,266
2015-09-24,NA,NA,267
2015-09-25,NA,NA,268
2015-09-26,NA,NA,269
2015-09-27,NA,NA,270
2015-09-28,NA,NA,271
2015-09-29,NA,NA,272
2015-09-30,NA,NA,273
2015-10-01,NA,NA,274
2015-10-02,NA,NA,275
2015-10-03,NA,NA,276
2015-10-04,NA,NA,277
2015-10-05,NA,NA,278
2015-10-06,NA,NA,279
2015-10-07,NA,NA,280
2015-10-08,NA,NA,281
2015-10-09,NA,NA,282
2015-10-10,NA,NA,283
2015-10-11,NA,NA,284
2015-10-12,NA,NA,285
2015-10-13,NA,NA,286
2015-10-14,NA,NA,287
2015-10-15,NA,NA,288
2015-10-16,NA,NA,289
2015-10-17,NA,NA,290
2015-10-18,NA,NA,291
2015-10-19,NA,NA,292
2015-10-20,NA,NA,293
2015-10-21,NA,NA,294
2015-10-22,NA,NA,295
2015-10-23,NA,NA,296
2015-10-24,NA,NA,297
2015-10-25,NA,NA,298
2015-10-26,NA,NA,299
2015-10-27,NA,NA,300
2015-10-28,NA,NA,301
2015-10-29,NA,NA,302
2015-10-30,NA,NA,303
2015-10-31,NA,NA,304
2015-11-01,NA,NA,305
2015-11-02,NA,NA,306
2015-11-03,NA,NA,307
2015-11-04,NA,NA,308
2015-11-05,NA,NA,309
2015-11-06,NA,NA,310
2015-11-07,NA,NA,311
2015-11-08,NA,NA,312
2015-11-09,NA,NA,313
2015-11-10,NA,NA,314
2015-11-11,NA,NA,315
2015-11-12,NA,NA,316
2015-11-13,NA,NA,317
2015-11-14,NA,NA,318
2015-11-15,NA,NA,319
2015-11-16,NA,NA,320
2015-11-17,NA,NA,321
2015-11-18,NA,NA,322
2015-11-19,NA,NA,323
2015-11-20,NA,NA,324
2015-11-21,NA,NA,325
2015-11-22,NA,NA,326
2015-11-23,NA,NA,327
2015-11-24,NA,NA,328
2015-11-25,NA,NA,329
2015-11-26,NA,NA,330
2015-11-27,NA,NA,331
2015-11-28,NA,NA,332
2015-11-29,NA,NA,333
2015-11-30,NA,NA,334
2015-12-01,NA,NA,335
2015-12-02,NA,NA,336
2015-12-03,NA,NA,337
2015-12-04,NA,NA,338
2015-12-05,NA,NA,339
2015-12-06,NA,NA,340
2015-12-07,NA,NA,341
2015-12-08,NA,NA,342
2015-12-09,NA,NA,343
2015-12-10,NA,NA,344
2015-12-11,NA,NA,345
2015-12-12,NA,NA,346
2015-12-13,NA,NA,347
2015-12-14,NA,NA,348
2015-12-15,NA,NA,349
2015-12-16,NA,NA,350
2015-12-17,NA,NA,351
2015-12-18,NA,NA,352
2015-12-19,NA,NA,353
2015-12-20,NA,NA,354
2015-12-21,NA,NA,355
2015-12-22,NA,NA,356
2015-12-23,NA,NA,357
2015-12-24,NA,NA,358
2015-12-25,NA,NA,359
2015-12-26,NA,NA,360
2015-12-27,NA,NA,361
2015-12-28,NA,NA,362
2015-12-29,NA,NA,363
2015-12-30,NA,NA,364
2015-12-31,NA,NA,365
NA,NA,NA,NA
NA,NA,NA,NA
NA,NA,NA,NA
NA,NA,NA,NA
NA,NA,NA,NA
NA,NA,NA,NA
NA,NA,NA,NA
NA,NA,NA,NA
NA,NA,NA,NA
NA,NA,NA,NA
NA,NA,NA,NA
NA,NA,NA,NA
NA,NA,NA,NA
NA,NA,NA,NA
NA,NA,NA,NA
NA,NA,NA,NA
NA,NA,NA,NA
NA,NA,NA,NA
NA,NA,NA,NA
NA,NA,NA,NA
NA,NA,NA,NA
NA,NA,NA,NA
2014-01-01,NA,NA,1
2014-01-02,NA,NA,2
2014-01-03,NA,NA,3
2014-01-04,NA,NA,4
2014-01-05,NA,NA,5
2014-01-06,NA,NA,6
2014-01-07,NA,NA,7
2014-01-08,NA,NA,8
2014-01-09,NA,NA,9
2014-01-10,NA,NA,10
2014-01-11,NA,NA,11
2014-01-12,NA,NA,12
2014-01-13,NA,NA,13
2014-01-14,NA,NA,14
2014-01-15,NA,NA,15
2014-01-16,NA,NA,16
2014-01-17,NA,NA,17
2014-01-18,NA,NA,18
2014-01-19,NA,NA,19
2014-01-20,NA,NA,20
2014-01-21,NA,NA,21
2014-01-22,NA,NA,22
2014-01-23,NA,NA,23
2014-01-24,NA,NA,24
2014-01-25,NA,NA,25
2014-01-26,NA,NA,26
2014-01-27,NA,NA,27
2014-01-28,NA,NA,28
2014-01-29,NA,NA,29
2014-01-30,NA,NA,30
2014-01-31,NA,NA,31
2014-02-01,NA,NA,32
2014-02-02,NA,NA,33
2014-02-03,NA,NA,34
2014-02-04,NA,NA,35
2014-02-05,NA,NA,36
2014-02-06,NA,NA,37
2014-02-07,NA,NA,38
2014-02-08,NA,NA,39
2014-02-09,NA,NA,40
2014-02-10,NA,NA,41
2014-02-11,NA,NA,42
2014-02-12,NA,NA,43
2014-02-13,NA,NA,44
2014-02-14,NA,NA,45
2014-02-15,NA,NA,46
2014-02-16,NA,NA,47
2014-02-17,NA,NA,48
2014-02-18,NA,NA,49
2014-02-19,NA,NA,50
2014-02-20,NA,NA,51
2014-02-21,NA,NA,52
2014-02-22,NA,NA,53
2014-02-23,NA,NA,54
2014-02-24,NA,NA,55
2014-02-25,NA,NA,56
2014-02-26,NA,NA,57
2014-02-27,NA,NA,58
2014-02-28,NA,NA,59
2014-03-01,NA,NA,60
2014-03-02,NA,NA,61
2014-03-03,NA,NA,62
2014-03-04,NA,NA,63
2014-03-05,NA,NA,64
2014-03-06,NA,NA,65
2014-03-07,NA,NA,66
2014-03-08,NA,NA,67
2014-03-09,NA,NA,68
2014-03-10,NA,NA,69
2014-03-11,NA,NA,70
2014-03-12,NA,5,71
2014-03-13,NA,5.2,72
2014-03-14,NA,5.6,73
2014-03-15,NA,6,74
2014-03-16,NA,6.5,75
2014-03-17,NA,6.6,76
2014-03-18,NA,6.7,77
2014-03-19,NA,6.7,78
2014-03-20,NA,6.7,79
2014-03-21,NA,6.8,80
2014-03-22,NA,6.8,81
2014-03-23,NA,6.9,82
2014-03-24,NA,7,83
2014-03-25,NA,7.2,84
2014-03-26,NA,7.2,85
2014-03-27,NA,7.2,86
2014-03-28,NA,7.1,87
2014-03-29,NA,7,88
2014-03-30,NA,7,89
2014-03-31,NA,7,90
2014-04-01,NA,7,91
2014-04-02,NA,7.1,92
2014-04-03,NA,7.3,93
2014-04-04,NA,7.4,94
2014-04-05,NA,7.6,95
2014-04-06,NA,7.8,96
2014-04-07,NA,8,97
2014-04-08,NA,8.4,98
2014-04-09,NA,8.7,99
2014-04-10,NA,8.8,100
2014-04-11,NA,8.9,101
2014-04-12,NA,9.2,102
2014-04-13,NA,9.5,103
2014-04-14,NA,9.6,104
2014-04-15,NA,9.6,105
2014-04-16,NA,9.8,106
2014-04-17,NA,9.8,107
2014-04-18,NA,10,108
2014-04-19,NA,10,109
2014-04-20,NA,9.9,110
2014-04-21,NA,10,111
2014-04-22,NA,10,112
2014-04-23,NA,10,113
2014-04-24,NA,10,114
2014-04-25,NA,10,115
2014-04-26,NA,10,116
2014-04-27,NA,9.9,117
2014-04-28,NA,10,118
2014-04-29,NA,10.2,119
2014-04-30,NA,10.5,120
2014-05-01,NA,10.7,121
2014-05-02,1,10.9,122
2014-05-03,3,11,123
2014-05-04,NA,11,124
2014-05-05,6,11.2,125
2014-05-06,4,11.4,126
2014-05-07,13,11.8,127
2014-05-08,19,12,128
2014-05-09,25,12,129
2014-05-10,11,12,130
2014-05-11,123,12.3,131
2014-05-12,1215,12.5,132
2014-05-13,1395,12.6,133
2014-05-14,2640,12.7,134
2014-05-15,5119,13,135
2014-05-16,4904,13.3,136
2014-05-17,6010,13.4,137
2014-05-18,6163,13.4,138
2014-05-19,4546,13.6,139
2014-05-20,10056,13.9,140
2014-05-21,23193,14.1,141
2014-05-22,13591,14.3,142
2014-05-23,10134,14.3,143
2014-05-24,15742,14.3,144
2014-05-25,41232,14.3,145
2014-05-26,26859,14.4,146
2014-05-27,38311,14.5,147
2014-05-28,43081,14.5,148
2014-05-29,56798,14.5,149
2014-05-30,75911,14.6,150
2014-05-31,99981,14.8,151
2014-06-01,83856,14.8,152
2014-06-02,94964,14.8,153
2014-06-03,84472,14.9,154
2014-06-04,72975,15,155
2014-06-05,87422,15.1,156
2014-06-06,118132,15.3,157
2014-06-07,121348,15.5,158
2014-06-08,169741,15.8,159
2014-06-09,77474,16.1,160
2014-06-10,64581,16.1,161
2014-06-11,85323,16.3,162
2014-06-12,91200,16.4,163
2014-06-13,63315,16.4,164
2014-06-14,60082,16.2,165
2014-06-15,37112,16,166
2014-06-16,47955,15.9,167
2014-06-17,65620,15.9,168
2014-06-18,123633,15.9,169
2014-06-19,106465,16.1,170
2014-06-20,106434,16.3,171
2014-06-21,64888,16.2,172
2014-06-22,78464,16.2,173
2014-06-23,58660,16.4,174
2014-06-24,25349,16.7,175
2014-06-25,21357,16.9,176
2014-06-26,22782,16.9,177
2014-06-27,22546,17.1,178
2014-06-28,10643,17.4,179
2014-06-29,7933,17.5,180
2014-06-30,9636,17.6,181
2014-07-01,5712,17.9,182
2014-07-02,4481,18.3,183
2014-07-03,2970,18.3,184
2014-07-04,1547,18.1,185
2014-07-05,1592,18.2,186
2014-07-06,1053,18.5,187
2014-07-07,1428,18.9,188
2014-07-08,1462,19.2,189
2014-07-09,831,19.4,190
2014-07-10,735,19.6,191
2014-07-11,1540,19.7,192
2014-07-12,841,20,193
2014-07-13,806,20.3,194
2014-07-14,419,20.2,195
2014-07-15,457,20.7,196
2014-07-16,557,21,197
2014-07-17,313,21,198
2014-07-18,284,20.7,199
2014-07-19,414,20.7,200
2014-07-20,457,20.8,201
2014-07-21,484,20.7,202
2014-07-22,388,20.8,203
2014-07-23,269,20.7,204
2014-07-24,230,20.3,205
2014-07-25,198,20.3,206
2014-07-26,189,20.5,207
2014-07-27,381,20.7,208
2014-07-28,389,20.9,209
2014-07-29,286,21.1,210
2014-07-30,145,21.3,211
2014-07-31,154,21.4,212
2014-08-01,99,21.5,213
2014-08-02,88,21.5,214
2014-08-03,75,21.6,215
2014-08-04,46,21.9,216
2014-08-05,38,21.7,217
2014-08-06,47,21.4,218
2014-08-07,48,21.4,219
2014-08-08,35,21.1,220
2014-08-09,72,21.2,221
2014-08-10,33,21.5,222
2014-08-11,25,21.9,223
2014-08-12,17,22.3,224
2014-08-13,16,22.3,225
2014-08-14,17,22.3,226
2014-08-15,22,22.2,227
2014-08-16,3,22.1,228
2014-08-17,6,22.2,229
2014-08-18,14,22.5,230
2014-08-19,12,22.7,231
2014-08-20,3,22.4,232
2014-08-21,8,22,233
2014-08-22,21,21.7,234
2014-08-23,2,21.6,235
2014-08-24,12,21.9,236
2014-08-25,6,22.1,237
2014-08-26,6,22.4,238
2014-08-27,16,22.5,239
2014-08-28,7,22.4,240
2014-08-29,5,22.3,241
2014-08-30,8,22,242
2014-08-31,2,21.6,243
2014-09-01,NA,21.4,244
2014-09-02,NA,21.3,245
2014-09-03,NA,20.9,246
2014-09-04,NA,20.6,247
2014-09-05,NA,20.6,248
2014-09-06,NA,20.7,249
2014-09-07,NA,20.6,250
2014-09-08,NA,20.8,251
2014-09-09,NA,20.7,252
2014-09-10,NA,20.5,253
2014-09-11,NA,20.2,254
2014-09-12,NA,19.5,255
2014-09-13,NA,19.5,256
2014-09-14,NA,19.4,257
2014-09-15,NA,19.4,258
2014-09-16,NA,19.5,259
2014-09-17,NA,19.8,260
2014-09-18,NA,19.8,261
2014-09-19,NA,19.8,262
2014-09-20,NA,19.9,263
2014-09-21,NA,19.9,264
2014-09-22,NA,20,265
2014-09-23,NA,19.8,266
2014-09-24,NA,19.7,267
2014-09-25,NA,NA,268
2014-09-26,NA,NA,269
2014-09-27,NA,NA,270
2014-09-28,NA,NA,271
2014-09-29,NA,NA,272
2014-09-30,NA,NA,273
2014-10-01,NA,NA,274
2014-10-02,NA,NA,275
2014-10-03,NA,NA,276
2014-10-04,NA,NA,277
2014-10-05,NA,NA,278
2014-10-06,NA,NA,279
2014-10-07,NA,NA,280
2014-10-08,NA,NA,281
2014-10-09,NA,NA,282
2014-10-10,NA,NA,283
2014-10-11,NA,NA,284
2014-10-12,NA,NA,285
2014-10-13,NA,NA,286
2014-10-14,NA,NA,287
2014-10-15,NA,NA,288
2014-10-16,NA,NA,289
2014-10-17,NA,NA,290
2014-10-18,NA,NA,291
2014-10-19,NA,NA,292
2014-10-20,NA,NA,293
2014-10-21,NA,NA,294
2014-10-22,NA,NA,295
2014-10-23,NA,NA,296
2014-10-24,NA,NA,297
2014-10-25,NA,NA,298
2014-10-26,NA,NA,299
2014-10-27,NA,NA,300
2014-10-28,NA,NA,301
2014-10-29,NA,NA,302
2014-10-30,NA,NA,303
2014-10-31,NA,NA,304
2014-11-01,NA,NA,305
2014-11-02,NA,NA,306
2014-11-03,NA,NA,307
2014-11-04,NA,NA,308
2014-11-05,NA,NA,309
2014-11-06,NA,NA,310
2014-11-07,NA,NA,311
2014-11-08,NA,NA,312
2014-11-09,NA,NA,313
2014-11-10,NA,NA,314
2014-11-11,NA,NA,315
2014-11-12,NA,NA,316
2014-11-13,NA,NA,317
2014-11-14,NA,NA,318
2014-11-15,NA,NA,319
2014-11-16,NA,NA,320
2014-11-17,NA,NA,321
2014-11-18,NA,NA,322
2014-11-19,NA,NA,323
2014-11-20,NA,NA,324
2014-11-21,NA,NA,325
2014-11-22,NA,NA,326
2014-11-23,NA,NA,327
2014-11-24,NA,NA,328
2014-11-25,NA,NA,329
2014-11-26,NA,NA,330
2014-11-27,NA,NA,331
2014-11-28,NA,NA,332
2014-11-29,NA,NA,333
2014-11-30,NA,NA,334
2014-12-01,NA,NA,335
2014-12-02,NA,NA,336
2014-12-03,NA,NA,337
2014-12-04,NA,NA,338
2014-12-05,NA,NA,339
2014-12-06,NA,NA,340
2014-12-07,NA,NA,341
2014-12-08,NA,NA,342
2014-12-09,NA,NA,343
2014-12-10,NA,NA,344
2014-12-11,NA,NA,345
2014-12-12,NA,NA,346
2014-12-13,NA,NA,347
2014-12-14,NA,NA,348
2014-12-15,NA,NA,349
2014-12-16,NA,NA,350
2014-12-17,NA,NA,351
2014-12-18,NA,NA,352
2014-12-19,NA,NA,353
2014-12-20,NA,NA,354
2014-12-21,NA,NA,355
2014-12-22,NA,NA,356
2014-12-23,NA,NA,357
2014-12-24,NA,NA,358
2014-12-25,NA,NA,359
2014-12-26,NA,NA,360
2014-12-27,NA,NA,361
2014-12-28,NA,NA,362
2014-12-29,NA,NA,363
2014-12-30,NA,NA,364
2014-12-31,NA,NA,365
NA,NA,NA,NA
NA,NA,NA,NA
NA,NA,NA,NA
NA,NA,NA,NA
NA,NA,NA,NA
NA,NA,NA,NA
NA,NA,NA,NA
NA,NA,NA,NA
NA,NA,NA,NA
NA,NA,NA,NA
NA,NA,NA,NA
NA,NA,NA,NA
NA,NA,NA,NA
NA,NA,NA,NA
NA,NA,NA,NA
NA,NA,NA,NA
NA,NA,NA,NA
NA,NA,NA,NA
NA,NA,NA,NA
NA,NA,NA,NA
NA,NA,NA,NA
NA,NA,NA,NA
2013-01-01,NA,NA,1
2013-01-02,NA,NA,2
2013-01-03,NA,NA,3
2013-01-04,NA,NA,4
2013-01-05,NA,NA,5
2013-01-06,NA,NA,6
2013-01-07,NA,NA,7
2013-01-08,NA,NA,8
2013-01-09,NA,NA,9
2013-01-10,NA,NA,10
2013-01-11,NA,NA,11
2013-01-12,NA,NA,12
2013-01-13,NA,NA,13
2013-01-14,NA,NA,14
2013-01-15,NA,NA,15
2013-01-16,NA,NA,16
2013-01-17,NA,NA,17
2013-01-18,NA,NA,18
2013-01-19,NA,NA,19
2013-01-20,NA,NA,20
2013-01-21,NA,NA,21
2013-01-22,NA,NA,22
2013-01-23,NA,NA,23
2013-01-24,NA,NA,24
2013-01-25,NA,NA,25
2013-01-26,NA,NA,26
2013-01-27,NA,NA,27
2013-01-28,NA,NA,28
2013-01-29,NA,NA,29
2013-01-30,NA,NA,30
2013-01-31,NA,NA,31
2013-02-01,NA,NA,32
2013-02-02,NA,NA,33
2013-02-03,NA,NA,34
2013-02-04,NA,NA,35
2013-02-05,NA,NA,36
2013-02-06,NA,NA,37
2013-02-07,NA,NA,38
2013-02-08,NA,NA,39
2013-02-09,NA,NA,40
2013-02-10,NA,NA,41
2013-02-11,NA,NA,42
2013-02-12,NA,NA,43
2013-02-13,NA,NA,44
2013-02-14,NA,NA,45
2013-02-15,NA,NA,46
2013-02-16,NA,NA,47
2013-02-17,NA,NA,48
2013-02-18,NA,NA,49
2013-02-19,NA,NA,50
2013-02-20,NA,NA,51
2013-02-21,NA,NA,52
2013-02-22,NA,NA,53
2013-02-23,NA,NA,54
2013-02-24,NA,NA,55
2013-02-25,NA,NA,56
2013-02-26,NA,NA,57
2013-02-27,NA,NA,58
2013-02-28,NA,NA,59
2013-03-01,NA,NA,60
2013-03-02,NA,NA,61
2013-03-03,NA,NA,62
2013-03-04,NA,NA,63
2013-03-05,NA,NA,64
2013-03-06,NA,NA,65
2013-03-07,NA,NA,66
2013-03-08,NA,NA,67
2013-03-09,NA,NA,68
2013-03-10,NA,NA,69
2013-03-11,NA,NA,70
2013-03-12,NA,NA,71
2013-03-13,NA,NA,72
2013-03-14,NA,NA,73
2013-03-15,NA,NA,74
2013-03-16,NA,NA,75
2013-03-17,NA,NA,76
2013-03-18,NA,NA,77
2013-03-19,NA,NA,78
2013-03-20,NA,NA,79
2013-03-21,NA,6.5,80
2013-03-22,NA,6.5,81
2013-03-23,NA,6.6,82
2013-03-24,NA,6.6,83
2013-03-25,NA,6.6,84
2013-03-26,NA,6.8,85
2013-03-27,NA,6.9,86
2013-03-28,NA,7.2,87
2013-03-29,NA,7.5,88
2013-03-30,NA,7.8,89
2013-03-31,NA,8.1,90
2013-04-01,NA,8.3,91
2013-04-02,NA,8.6,92
2013-04-03,NA,8.9,93
2013-04-04,NA,8.9,94
2013-04-05,NA,8.8,95
2013-04-06,NA,9,96
2013-04-07,NA,9,97
2013-04-08,NA,9,98
2013-04-09,NA,9.4,99
2013-04-10,NA,9.4,100
2013-04-11,NA,9.5,101
2013-04-12,NA,9.6,102
2013-04-13,NA,9.5,103
2013-04-14,NA,9.4,104
2013-04-15,NA,9.5,105
2013-04-16,NA,9.4,106
2013-04-17,NA,9.3,107
2013-04-18,NA,9.3,108
2013-04-19,NA,9.3,109
2013-04-20,NA,9.4,110
2013-04-21,NA,9.5,111
2013-04-22,NA,9.5,112
2013-04-23,NA,9.7,113
2013-04-24,NA,9.8,114
2013-04-25,NA,10,115
2013-04-26,NA,10.3,116
2013-04-27,NA,10.6,117
2013-04-28,NA,10.8,118
2013-04-29,NA,10.8,119
2013-04-30,NA,10.7,120
2013-05-01,NA,10.8,121
2013-05-02,NA,11,122
2013-05-03,NA,11.3,123
2013-05-04,6,11.6,124
2013-05-05,1,11.9,125
2013-05-06,4,12.1,126
2013-05-07,28,12.4,127
2013-05-08,170,12.8,128
2013-05-09,305,13,129
2013-05-10,1569,13.2,130
2013-05-11,2332,13.5,131
2013-05-12,3446,13.9,132
2013-05-13,3105,14.1,133
2013-05-14,3630,14,134
2013-05-15,3156,13.9,135
2013-05-16,8086,14,136
2013-05-17,5623,14.1,137
2013-05-18,3585,13.9,138
2013-05-19,3630,13.9,139
2013-05-20,5019,13.9,140
2013-05-21,9950,13.9,141
2013-05-22,12727,13.6,142
2013-05-23,11598,13.4,143
2013-05-24,11722,13.5,144
2013-05-25,20957,13.7,145
2013-05-26,69263,13.7,146
2013-05-27,52553,13.6,147
2013-05-28,38713,13.4,148
2013-05-29,36634,13.4,149
2013-05-30,30651,13.6,150
2013-05-31,42930,13.9,151
2013-06-01,86667,14,152
2013-06-02,42902,14.2,153
2013-06-03,94426,14.5,154
2013-06-04,128775,14.8,155
2013-06-05,159906,15,156
2013-06-06,212172,15.5,157
2013-06-07,187575,15.7,158
2013-06-08,124686,15.7,159
2013-06-09,140292,16,160
2013-06-10,195547,16.2,161
2013-06-11,205024,16.3,162
2013-06-12,222119,16.4,163
2013-06-13,220628,16.5,164
2013-06-14,212685,16.7,165
2013-06-15,220108,16.9,166
2013-06-16,157481,17.2,167
2013-06-17,146178,17.3,168
2013-06-18,161216,17.4,169
2013-06-19,80303,17.2,170
2013-06-20,34824,16.8,171
2013-06-21,37933,16.8,172
2013-06-22,77046,17.1,173
2013-06-23,64897,17.3,174
2013-06-24,16285,17.2,175
2013-06-25,14387,17,176
2013-06-26,18969,17,177
2013-06-27,13561,17,178
2013-06-28,7757,17.3,179
2013-06-29,5165,17.7,180
2013-06-30,8834,17.9,181
2013-07-01,10884,18.1,182
2013-07-02,3518,18.2,183
2013-07-03,1846,18.5,184
2013-07-04,5295,18.4,185
2013-07-05,3894,18.3,186
2013-07-06,3819,18.6,187
2013-07-07,6507,19,188
2013-07-08,4326,19.3,189
2013-07-09,3517,19.7,190
2013-07-10,2962,19.9,191
2013-07-11,1457,19.8,192
2013-07-12,1669,19.7,193
2013-07-13,2014,19.6,194
2013-07-14,2646,20,195
2013-07-15,1477,20.2,196
2013-07-16,2653,20.3,197
2013-07-17,1163,20.3,198
2013-07-18,988,20.5,199
2013-07-19,1115,20.6,200
2013-07-20,919,20.7,201
2013-07-21,885,20.8,202
2013-07-22,606,20.8,203
2013-07-23,723,20.8,204
2013-07-24,473,21,205
2013-07-25,497,21.2,206
2013-07-26,543,21.4,207
2013-07-27,542,21.2,208
2013-07-28,331,20.9,209
2013-07-29,302,20.8,210
2013-07-30,291,20.8,211
2013-07-31,555,21.1,212
2013-08-01,397,21.1,213
2013-08-02,413,21,214
2013-08-03,235,21,215
2013-08-04,148,21.3,216
2013-08-05,175,21.6,217
2013-08-06,139,22,218
2013-08-07,177,22.2,219
2013-08-08,157,21.9,220
2013-08-09,178,21.8,221
2013-08-10,231,21.7,222
2013-08-11,123,21.7,223
2013-08-12,100,21.8,224
2013-08-13,108,21.8,225
2013-08-14,68,21.8,226
2013-08-15,141,21.9,227
2013-08-16,68,22,228
2013-08-17,83,22.1,229
2013-08-18,39,22.1,230
2013-08-19,35,22.1,231
2013-08-20,32,22,232
2013-08-21,27,21.9,233
2013-08-22,24,21.9,234
2013-08-23,13,21.9,235
2013-08-24,20,21.9,236
2013-08-25,14,21.9,237
2013-08-26,8,21.8,238
2013-08-27,26,21.7,239
2013-08-28,9,21.9,240
2013-08-29,15,22.1,241
2013-08-30,11,22.2,242
2013-08-31,3,22.3,243
2013-09-01,NA,22.4,244
2013-09-02,NA,22.3,245
2013-09-03,NA,22.1,246
2013-09-04,NA,22,247
2013-09-05,NA,21.8,248
2013-09-06,NA,21.5,249
2013-09-07,NA,21.3,250
2013-09-08,NA,21.5,251
2013-09-09,NA,21.7,252
2013-09-10,NA,21.9,253
2013-09-11,NA,21.9,254
2013-09-12,NA,22.2,255
2013-09-13,NA,22.3,256
2013-09-14,NA,22.2,257
2013-09-15,NA,22.3,258
2013-09-16,NA,22,259
2013-09-17,NA,21.7,260
2013-09-18,NA,21.3,261
2013-09-19,NA,NA,262
2013-09-20,NA,NA,263
2013-09-21,NA,NA,264
2013-09-22,NA,NA,265
2013-09-23,NA,NA,266
2013-09-24,NA,NA,267
2013-09-25,NA,NA,268
2013-09-26,NA,NA,269
2013-09-27,NA,NA,270
2013-09-28,NA,NA,271
2013-09-29,NA,NA,272
2013-09-30,NA,NA,273
2013-10-01,NA,NA,274
2013-10-02,NA,NA,275
2013-10-03,NA,NA,276
2013-10-04,NA,NA,277
2013-10-05,NA,NA,278
2013-10-06,NA,NA,279
2013-10-07,NA,NA,280
2013-10-08,NA,NA,281
2013-10-09,NA,NA,282
2013-10-10,NA,NA,283
2013-10-11,NA,NA,284
2013-10-12,NA,NA,285
2013-10-13,NA,NA,286
2013-10-14,NA,NA,287
2013-10-15,NA,NA,288
2013-10-16,NA,NA,289
2013-10-17,NA,NA,290
2013-10-18,NA,NA,291
2013-10-19,NA,NA,292
2013-10-20,NA,NA,293
2013-10-21,NA,NA,294
2013-10-22,NA,NA,295
2013-10-23,NA,NA,296
2013-10-24,NA,NA,297
2013-10-25,NA,NA,298
2013-10-26,NA,NA,299
2013-10-27,NA,NA,300
2013-10-28,NA,NA,301
2013-10-29,NA,NA,302
2013-10-30,NA,NA,303
2013-10-31,NA,NA,304
2013-11-01,NA,NA,305
2013-11-02,NA,NA,306
2013-11-03,NA,NA,307
2013-11-04,NA,NA,308
2013-11-05,NA,NA,309
2013-11-06,NA,NA,310
2013-11-07,NA,NA,311
2013-11-08,NA,NA,312
2013-11-09,NA,NA,313
2013-11-10,NA,NA,314
2013-11-11,NA,NA,315
2013-11-12,NA,NA,316
2013-11-13,NA,NA,317
2013-11-14,NA,NA,318
2013-11-15,NA,NA,319
2013-11-16,NA,NA,320
2013-11-17,NA,NA,321
2013-11-18,NA,NA,322
2013-11-19,NA,NA,323
2013-11-20,NA,NA,324
2013-11-21,NA,NA,325
2013-11-22,NA,NA,326
2013-11-23,NA,NA,327
2013-11-24,NA,NA,328
2013-11-25,NA,NA,329
2013-11-26,NA,NA,330
2013-11-27,NA,NA,331
2013-11-28,NA,NA,332
2013-11-29,NA,NA,333
2013-11-30,NA,NA,334
2013-12-01,NA,NA,335
2013-12-02,NA,NA,336
2013-12-03,NA,NA,337
2013-12-04,NA,NA,338
2013-12-05,NA,NA,339
2013-12-06,NA,NA,340
2013-12-07,NA,NA,341
2013-12-08,NA,NA,342
2013-12-09,NA,NA,343
2013-12-10,NA,NA,344
2013-12-11,NA,NA,345
2013-12-12,NA,NA,346
2013-12-13,NA,NA,347
2013-12-14,NA,NA,348
2013-12-15,NA,NA,349
2013-12-16,NA,NA,350
2013-12-17,NA,NA,351
2013-12-18,NA,NA,352
2013-12-19,NA,NA,353
2013-12-20,NA,NA,354
2013-12-21,NA,NA,355
2013-12-22,NA,NA,356
2013-12-23,NA,NA,357
2013-12-24,NA,NA,358
2013-12-25,NA,NA,359
2013-12-26,NA,NA,360
2013-12-27,NA,NA,361
2013-12-28,NA,NA,362
2013-12-29,NA,NA,363
2013-12-30,NA,NA,364
2013-12-31,NA,NA,365
NA,NA,NA,NA
NA,NA,NA,NA
NA,NA,NA,NA
NA,NA,NA,NA
NA,NA,NA,NA
NA,NA,NA,NA
NA,NA,NA,NA
NA,NA,NA,NA
NA,NA,NA,NA
NA,NA,NA,NA
NA,NA,NA,NA
NA,NA,NA,NA
NA,NA,NA,NA
NA,NA,NA,NA
NA,NA,NA,NA
NA,NA,NA,NA
NA,NA,NA,NA
NA,NA,NA,NA
NA,NA,NA,NA
NA,NA,NA,NA
NA,NA,NA,NA
NA,NA,NA,NA
2012-01-01,NA,NA,1
2012-01-02,NA,NA,2
2012-01-03,NA,NA,3
2012-01-04,NA,NA,4
2012-01-05,NA,NA,5
2012-01-06,NA,NA,6
2012-01-07,NA,NA,7
2012-01-08,NA,NA,8
2012-01-09,NA,NA,9
2012-01-10,NA,NA,10
2012-01-11,NA,NA,11
2012-01-12,NA,NA,12
2012-01-13,NA,NA,13
2012-01-14,NA,NA,14
2012-01-15,NA,NA,15
2012-01-16,NA,NA,16
2012-01-17,NA,NA,17
2012-01-18,NA,NA,18
2012-01-19,NA,NA,19
2012-01-20,NA,NA,20
2012-01-21,NA,NA,21
2012-01-22,NA,NA,22
2012-01-23,NA,NA,23
2012-01-24,NA,NA,24
2012-01-25,NA,NA,25
2012-01-26,NA,NA,26
2012-01-27,NA,NA,27
2012-01-28,NA,NA,28
2012-01-29,NA,NA,29
2012-01-30,NA,NA,30
2012-01-31,NA,NA,31
2012-02-01,NA,NA,32
2012-02-02,NA,NA,33
2012-02-03,NA,NA,34
2012-02-04,NA,NA,35
2012-02-05,NA,NA,36
2012-02-06,NA,NA,37
2012-02-07,NA,NA,38
2012-02-08,NA,NA,39
2012-02-09,NA,NA,40
2012-02-10,NA,NA,41
2012-02-11,NA,NA,42
2012-02-12,NA,NA,43
2012-02-13,NA,NA,44
2012-02-14,NA,NA,45
2012-02-15,NA,NA,46
2012-02-16,NA,NA,47
2012-02-17,NA,NA,48
2012-02-18,NA,NA,49
2012-02-19,NA,NA,50
2012-02-20,NA,NA,51
2012-02-21,NA,NA,52
2012-02-22,NA,NA,53
2012-02-23,NA,NA,54
2012-02-24,NA,NA,55
2012-02-25,NA,NA,56
2012-02-26,NA,NA,57
2012-02-27,NA,14.2,58
2012-02-28,NA,NA,59
2012-02-29,NA,NA,60
2012-03-01,NA,NA,61
2012-03-02,NA,NA,62
2012-03-03,NA,NA,63
2012-03-04,NA,NA,64
2012-03-05,NA,NA,65
2012-03-06,NA,NA,66
2012-03-07,NA,NA,67
2012-03-08,NA,NA,68
2012-03-09,NA,NA,69
2012-03-10,NA,NA,70
2012-03-11,NA,NA,71
2012-03-12,NA,NA,72
2012-03-13,NA,NA,73
2012-03-14,NA,5.1,74
2012-03-15,NA,5.1,75
2012-03-16,NA,5.4,76
2012-03-17,NA,5.8,77
2012-03-18,NA,6,78
2012-03-19,NA,5.9,79
2012-03-20,NA,5.7,80
2012-03-21,NA,5.7,81
2012-03-22,NA,5.7,82
2012-03-23,NA,5.9,83
2012-03-24,NA,6.1,84
2012-03-25,NA,6.3,85
2012-03-26,NA,6.3,86
2012-03-27,NA,6.4,87
2012-03-28,NA,6.3,88
2012-03-29,NA,6.4,89
2012-03-30,NA,6.4,90
2012-03-31,NA,6.4,91
2012-04-01,NA,6.5,92
2012-04-02,NA,6.8,93
2012-04-03,NA,6.9,94
2012-04-04,NA,7,95
2012-04-05,NA,6.9,96
2012-04-06,NA,7,97
2012-04-07,NA,7,98
2012-04-08,NA,7.2,99
2012-04-09,NA,7.5,100
2012-04-10,NA,7.7,101
2012-04-11,NA,7.9,102
2012-04-12,NA,8,103
2012-04-13,NA,8,104
2012-04-14,NA,8.2,105
2012-04-15,NA,8.5,106
2012-04-16,NA,8.6,107
2012-04-17,NA,8.5,108
2012-04-18,NA,8.4,109
2012-04-19,NA,8.6,110
2012-04-20,NA,8.9,111
2012-04-21,NA,9.2,112
2012-04-22,NA,9.6,113
2012-04-23,NA,9.9,114
2012-04-24,NA,10.2,115
2012-04-25,NA,10.5,116
2012-04-26,NA,10.6,117
2012-04-27,NA,10.6,118
2012-04-28,NA,10.8,119
2012-04-29,NA,11,120
2012-04-30,NA,11.1,121
2012-05-01,NA,11,122
2012-05-02,NA,11.1,123
2012-05-03,NA,11.2,124
2012-05-04,NA,11.2,125
2012-05-05,NA,10.9,126
2012-05-06,NA,10.9,127
2012-05-07,NA,10.9,128
2012-05-08,NA,11.1,129
2012-05-09,NA,11,130
2012-05-10,NA,10.8,131
2012-05-11,NA,11,132
2012-05-12,NA,11.3,133
2012-05-13,6,11.7,134
2012-05-14,10,12.1,135
2012-05-15,14,12.6,136
2012-05-16,82,12.8,137
2012-05-17,164,12.7,138
2012-05-18,764,12.8,139
2012-05-19,2387,13.2,140
2012-05-20,1321,13.5,141
2012-05-21,921,13.7,142
2012-05-22,958,13.6,143
2012-05-23,828,13.5,144
2012-05-24,510,13.5,145
2012-05-25,3466,13.4,146
2012-05-26,1882,13.3,147
2012-05-27,1202,13.1,148
2012-05-28,1130,13.1,149
2012-05-29,872,13.2,150
2012-05-30,711,13.4,151
2012-05-31,1218,13.5,152
2012-06-01,1505,13.7,153
2012-06-02,5419,14,154
2012-06-03,22613,14,155
2012-06-04,35124,14.1,156
2012-06-05,54707,14,157
2012-06-06,61664,14,158
2012-06-07,142265,14.1,159
2012-06-08,182362,14.1,160
2012-06-09,126248,13.8,161
2012-06-10,88861,13.6,162
2012-06-11,100189,13.8,163
2012-06-12,108739,14,164
2012-06-13,104167,14.2,165
2012-06-14,94469,14.2,166
2012-06-15,101215,14.5,167
2012-06-16,167284,14.8,168
2012-06-17,176706,15.2,169
2012-06-18,90634,15.3,170
2012-06-19,66598,15.2,171
2012-06-20,85899,15.5,172
2012-06-21,96248,15.8,173
2012-06-22,76914,15.7,174
2012-06-23,51540,15.5,175
2012-06-24,40604,15.6,176
2012-06-25,42858,15.7,177
2012-06-26,38716,15.7,178
2012-06-27,35793,15.9,179
2012-06-28,63259,16.2,180
2012-06-29,44531,16.2,181
2012-06-30,24402,16.2,182
2012-07-01,14966,16.2,183
2012-07-02,8322,16.1,184
2012-07-03,7121,16.1,185
2012-07-04,6252,16,186
2012-07-05,3986,16.1,187
2012-07-06,4607,16.3,188
2012-07-07,4452,16.6,189
2012-07-08,7408,17.2,190
2012-07-09,2168,17.5,191
2012-07-10,814,17.7,192
2012-07-11,824,17.8,193
2012-07-12,1393,18,194
2012-07-13,1675,18.1,195
2012-07-14,2514,18.2,196
2012-07-15,2116,18.3,197
2012-07-16,1110,18.4,198
2012-07-17,1545,18.7,199
2012-07-18,1466,18.8,200
2012-07-19,1336,18.9,201
2012-07-20,1176,18.9,202
2012-07-21,552,18.9,203
2012-07-22,808,18.9,204
2012-07-23,249,18.9,205
2012-07-24,424,19,206
2012-07-25,354,19.4,207
2012-07-26,411,19.6,208
2012-07-27,377,19.4,209
2012-07-28,285,19.3,210
2012-07-29,247,19.4,211
2012-07-30,221,19.3,212
2012-07-31,103,19.2,213
2012-08-01,200,19.3,214
2012-08-02,259,19.3,215
2012-08-03,156,19.6,216
2012-08-04,198,19.9,217
2012-08-05,361,20.2,218
2012-08-06,255,20.6,219
2012-08-07,295,20.8,220
2012-08-08,201,20.7,221
2012-08-09,128,20.6,222
2012-08-10,131,20.5,223
2012-08-11,178,20.7,224
2012-08-12,73,21,225
2012-08-13,94,21.3,226
2012-08-14,27,21.4,227
2012-08-15,47,21.5,228
2012-08-16,61,21.6,229
2012-08-17,81,21.8,230
2012-08-18,57,21.9,231
2012-08-19,21,21.6,232
2012-08-20,24,21.4,233
2012-08-21,45,21.2,234
2012-08-22,48,20.9,235
2012-08-23,37,20.7,236
2012-08-24,13,20.3,237
2012-08-25,22,20.3,238
2012-08-26,19,20.4,239
2012-08-27,25,20.4,240
2012-08-28,34,20.5,241
2012-08-29,15,20.4,242
2012-08-30,18,20.3,243
2012-08-31,10,20.1,244
2012-09-01,NA,19.9,245
2012-09-02,NA,19.7,246
2012-09-03,NA,19.6,247
2012-09-04,NA,19.7,248
2012-09-05,NA,19.9,249
2012-09-06,NA,19.9,250
2012-09-07,NA,19.9,251
2012-09-08,NA,19.9,252
2012-09-09,NA,19.8,253
2012-09-10,NA,19.5,254
2012-09-11,NA,19.3,255
2012-09-12,NA,19.2,256
2012-09-13,NA,18.8,257
2012-09-14,NA,18.8,258
2012-09-15,NA,19.1,259
2012-09-16,NA,19.4,260
2012-09-17,NA,19.4,261
2012-09-18,NA,19.4,262
2012-09-19,NA,19.5,263
2012-09-20,NA,NA,264
2012-09-21,NA,NA,265
2012-09-22,NA,NA,266
2012-09-23,NA,NA,267
2012-09-24,NA,NA,268
2012-09-25,NA,NA,269
2012-09-26,NA,NA,270
2012-09-27,NA,NA,271
2012-09-28,NA,NA,272
2012-09-29,NA,NA,273
2012-09-30,NA,NA,274
2012-10-01,NA,NA,275
2012-10-02,NA,NA,276
2012-10-03,NA,NA,277
2012-10-04,NA,NA,278
2012-10-05,NA,NA,279
2012-10-06,NA,NA,280
2012-10-07,NA,NA,281
2012-10-08,NA,NA,282
2012-10-09,NA,NA,283
2012-10-10,NA,NA,284
2012-10-11,NA,NA,285
2012-10-12,NA,NA,286
2012-10-13,NA,NA,287
2012-10-14,NA,NA,288
2012-10-15,NA,NA,289
2012-10-16,NA,NA,290
2012-10-17,NA,NA,291
2012-10-18,NA,NA,292
2012-10-19,NA,NA,293
2012-10-20,NA,NA,294
2012-10-21,NA,NA,295
2012-10-22,NA,NA,296
2012-10-23,NA,NA,297
2012-10-24,NA,NA,298
2012-10-25,NA,NA,299
2012-10-26,NA,NA,300
2012-10-27,NA,NA,301
2012-10-28,NA,NA,302
2012-10-29,NA,NA,303
2012-10-30,NA,NA,304
2012-10-31,NA,NA,305
2012-11-01,NA,NA,306
2012-11-02,NA,NA,307
2012-11-03,NA,NA,308
2012-11-04,NA,NA,309
2012-11-05,NA,NA,310
2012-11-06,NA,NA,311
2012-11-07,NA,NA,312
2012-11-08,NA,NA,313
2012-11-09,NA,NA,314
2012-11-10,NA,NA,315
2012-11-11,NA,NA,316
2012-11-12,NA,NA,317
2012-11-13,NA,NA,318
2012-11-14,NA,NA,319
2012-11-15,NA,NA,320
2012-11-16,NA,NA,321
2012-11-17,NA,NA,322
2012-11-18,NA,NA,323
2012-11-19,NA,NA,324
2012-11-20,NA,NA,325
2012-11-21,NA,NA,326
2012-11-22,NA,NA,327
2012-11-23,NA,NA,328
2012-11-24,NA,NA,329
2012-11-25,NA,NA,330
2012-11-26,NA,NA,331
2012-11-27,NA,NA,332
2012-11-28,NA,NA,333
2012-11-29,NA,NA,334
2012-11-30,NA,NA,335
2012-12-01,NA,NA,336
2012-12-02,NA,NA,337
2012-12-03,NA,NA,338
2012-12-04,NA,NA,339
2012-12-05,NA,NA,340
2012-12-06,NA,NA,341
2012-12-07,NA,NA,342
2012-12-08,NA,NA,343
2012-12-09,NA,NA,344
2012-12-10,NA,NA,345
2012-12-11,NA,NA,346
2012-12-12,NA,NA,347
2012-12-13,NA,NA,348
2012-12-14,NA,NA,349
2012-12-15,NA,NA,350
2012-12-16,NA,NA,351
2012-12-17,NA,NA,352
2012-12-18,NA,NA,353
2012-12-19,NA,NA,354
2012-12-20,NA,NA,355
2012-12-21,NA,NA,356
2012-12-22,NA,NA,357
2012-12-23,NA,NA,358
2012-12-24,NA,NA,359
2012-12-25,NA,NA,360
2012-12-26,NA,NA,361
2012-12-27,NA,NA,362
2012-12-28,NA,NA,363
2012-12-29,NA,NA,364
2012-12-30,NA,NA,365
2012-12-31,NA,NA,366
NA,NA,NA,NA
NA,NA,NA,NA
NA,NA,NA,NA
NA,NA,NA,NA
NA,NA,NA,NA
NA,NA,NA,NA
NA,NA,NA,NA
NA,NA,NA,NA
NA,NA,NA,NA
NA,NA,NA,NA
NA,NA,NA,NA
NA,NA,NA,NA
NA,NA,NA,NA
NA,NA,NA,NA
NA,NA,NA,NA
NA,NA,NA,NA
NA,NA,NA,NA
NA,NA,NA,NA
NA,NA,NA,NA
NA,NA,NA,NA
NA,NA,NA,NA
NA,NA,NA,NA
2011-01-01,NA,NA,1
2011-01-02,NA,NA,2
2011-01-03,NA,NA,3
2011-01-04,NA,NA,4
2011-01-05,NA,NA,5
2011-01-06,NA,NA,6
2011-01-07,NA,NA,7
2011-01-08,NA,NA,8
2011-01-09,NA,NA,9
2011-01-10,NA,NA,10
2011-01-11,NA,NA,11
2011-01-12,NA,NA,12
2011-01-13,NA,NA,13
2011-01-14,NA,NA,14
2011-01-15,NA,NA,15
2011-01-16,NA,NA,16
2011-01-17,NA,NA,17
2011-01-18,NA,NA,18
2011-01-19,NA,NA,19
2011-01-20,NA,NA,20
2011-01-21,NA,NA,21
2011-01-22,NA,NA,22
2011-01-23,NA,NA,23
2011-01-24,NA,NA,24
2011-01-25,NA,NA,25
2011-01-26,NA,NA,26
2011-01-27,NA,NA,27
2011-01-28,NA,NA,28
2011-01-29,NA,NA,29
2011-01-30,NA,NA,30
2011-01-31,NA,NA,31
2011-02-01,NA,NA,32
2011-02-02,NA,NA,33
2011-02-03,NA,NA,34
2011-02-04,NA,NA,35
2011-02-05,NA,NA,36
2011-02-06,NA,NA,37
2011-02-07,NA,NA,38
2011-02-08,NA,NA,39
2011-02-09,NA,NA,40
2011-02-10,NA,NA,41
2011-02-11,NA,NA,42
2011-02-12,NA,NA,43
2011-02-13,NA,NA,44
2011-02-14,NA,NA,45
2011-02-15,NA,NA,46
2011-02-16,NA,NA,47
2011-02-17,NA,NA,48
2011-02-18,NA,NA,49
2011-02-19,NA,NA,50
2011-02-20,NA,NA,51
2011-02-21,NA,NA,52
2011-02-22,NA,NA,53
2011-02-23,NA,NA,54
2011-02-24,NA,NA,55
2011-02-25,NA,NA,56
2011-02-26,NA,NA,57
2011-02-27,NA,NA,58
2011-02-28,NA,NA,59
2011-03-01,NA,NA,60
2011-03-02,NA,NA,61
2011-03-03,NA,NA,62
2011-03-04,NA,NA,63
2011-03-05,NA,NA,64
2011-03-06,NA,NA,65
2011-03-07,NA,NA,66
2011-03-08,NA,NA,67
2011-03-09,NA,NA,68
2011-03-10,NA,NA,69
2011-03-11,NA,NA,70
2011-03-12,NA,NA,71
2011-03-13,NA,NA,72
2011-03-14,NA,NA,73
2011-03-15,NA,NA,74
2011-03-16,NA,NA,75
2011-03-17,NA,NA,76
2011-03-18,NA,NA,77
2011-03-19,NA,NA,78
2011-03-20,NA,NA,79
2011-03-21,NA,NA,80
2011-03-22,NA,NA,81
2011-03-23,NA,NA,82
2011-03-24,NA,NA,83
2011-03-25,NA,NA,84
2011-03-26,NA,NA,85
2011-03-27,NA,NA,86
2011-03-28,NA,6.3,87
2011-03-29,NA,6.4,88
2011-03-30,NA,6.7,89
2011-03-31,NA,7,90
2011-04-01,NA,7.2,91
2011-04-02,NA,7.4,92
2011-04-03,NA,7.5,93
2011-04-04,NA,7.6,94
2011-04-05,NA,7.8,95
2011-04-06,NA,7.9,96
2011-04-07,NA,7.9,97
2011-04-08,NA,8,98
2011-04-09,NA,8.1,99
2011-04-10,NA,8,100
2011-04-11,NA,7.9,101
2011-04-12,NA,8,102
2011-04-13,NA,8.1,103
2011-04-14,NA,8,104
2011-04-15,NA,8,105
2011-04-16,NA,8,106
2011-04-17,NA,8,107
2011-04-18,NA,8.2,108
2011-04-19,NA,8.2,109
2011-04-20,NA,8.3,110
2011-04-21,NA,8.4,111
2011-04-22,NA,8.4,112
2011-04-23,NA,8.5,113
2011-04-24,NA,8.8,114
2011-04-25,NA,9,115
2011-04-26,NA,9.1,116
2011-04-27,NA,9.2,117
2011-04-28,NA,9.3,118
2011-04-29,NA,9.3,119
2011-04-30,NA,9.5,120
2011-05-01,NA,9.7,121
2011-05-02,NA,9.9,122
2011-05-03,NA,9.9,123
2011-05-04,NA,10.1,124
2011-05-05,NA,10.2,125
2011-05-06,NA,10.4,126
2011-05-07,NA,10.5,127
2011-05-08,NA,10.5,128
2011-05-09,NA,10.6,129
2011-05-10,NA,11,130
2011-05-11,5,11.2,131
2011-05-12,5,11.4,132
2011-05-13,3,11.6,133
2011-05-14,9,11.8,134
2011-05-15,17,11.8,135
2011-05-16,6,11.8,136
2011-05-17,9,12,137
2011-05-18,49,12.1,138
2011-05-19,117,12.2,139
2011-05-20,82,12.3,140
2011-05-21,158,12.2,141
2011-05-22,294,12.3,142
2011-05-23,14,12.4,143
2011-05-24,90,12.4,144
2011-05-25,138,12.3,145
2011-05-26,48,11.9,146
2011-05-27,18,11.9,147
2011-05-28,15,12.1,148
2011-05-29,342,12.2,149
2011-05-30,146,12.4,150
2011-05-31,292,12.6,151
2011-06-01,378,12.6,152
2011-06-02,728,12.7,153
2011-06-03,601,12.8,154
2011-06-04,2868,13,155
2011-06-05,6404,13.1,156
2011-06-06,3798,13.1,157
2011-06-07,3989,13.3,158
2011-06-08,2189,13.3,159
2011-06-09,6301,13.6,160
2011-06-10,27802,13.9,161
2011-06-11,16609,14.1,162
2011-06-12,29532,14.2,163
2011-06-13,10964,14.2,164
2011-06-14,44028,14.4,165
2011-06-15,38324,14.3,166
2011-06-16,32851,14.2,167
2011-06-17,26235,14.2,168
2011-06-18,32732,14.1,169
2011-06-19,29726,14.1,170
2011-06-20,44276,14.3,171
2011-06-21,74951,14.7,172
2011-06-22,94564,15,173
2011-06-23,33771,15,174
2011-06-24,33266,15,175
2011-06-25,30738,15.2,176
2011-06-26,44812,15.3,177
2011-06-27,28484,15.5,178
2011-06-28,22570,15.6,179
2011-06-29,19282,15.6,180
2011-06-30,23362,15.7,181
2011-07-01,19834,15.9,182
2011-07-02,35623,16.2,183
2011-07-03,24972,16.3,184
2011-07-04,12635,16.3,185
2011-07-05,12861,16.4,186
2011-07-06,11249,16.7,187
2011-07-07,12069,16.9,188
2011-07-08,4318,16.8,189
2011-07-09,6016,16.9,190
2011-07-10,7034,17.1,191
2011-07-11,5758,17,192
2011-07-12,3776,16.9,193
2011-07-13,2886,17,194
2011-07-14,2584,17.3,195
2011-07-15,2754,17.5,196
2011-07-16,3891,17.5,197
2011-07-17,1171,17.5,198
2011-07-18,1074,17.5,199
2011-07-19,1217,17.5,200
2011-07-20,711,17.7,201
2011-07-21,1217,17.7,202
2011-07-22,588,17.7,203
2011-07-23,575,17.8,204
2011-07-24,552,18.1,205
2011-07-25,494,18.3,206
2011-07-26,321,18.4,207
2011-07-27,184,18.3,208
2011-07-28,148,18.5,209
2011-07-29,334,18.7,210
2011-07-30,250,19.1,211
2011-07-31,238,19.2,212
2011-08-01,393,19.4,213
2011-08-02,234,19.5,214
2011-08-03,244,19.7,215
2011-08-04,270,19.9,216
2011-08-05,223,20,217
2011-08-06,157,20,218
2011-08-07,162,20,219
2011-08-08,94,20,220
2011-08-09,84,20,221
2011-08-10,93,19.8,222
2011-08-11,100,19.9,223
2011-08-12,54,20,224
2011-08-13,126,20.2,225
2011-08-14,61,20.1,226
2011-08-15,57,20.1,227
2011-08-16,58,20.1,228
2011-08-17,58,20.2,229
2011-08-18,41,20.2,230
2011-08-19,25,20.3,231
2011-08-20,49,20.5,232
2011-08-21,20,20.7,233
2011-08-22,20,20.8,234
2011-08-23,24,20.8,235
2011-08-24,24,21.1,236
2011-08-25,27,21.2,237
2011-08-26,12,21.3,238
2011-08-27,11,21.4,239
2011-08-28,8,21.5,240
2011-08-29,6,21.2,241
2011-08-30,2,20.9,242
2011-08-31,7,20.4,243
2011-09-01,NA,20.1,244
2011-09-02,NA,20.1,245
2011-09-03,NA,20.1,246
2011-09-04,NA,20,247
2011-09-05,NA,20.3,248
2011-09-06,NA,20.7,249
2011-09-07,NA,20.7,250
2011-09-08,NA,20.8,251
2011-09-09,NA,21,252
2011-09-10,NA,21,253
2011-09-11,NA,21,254
2011-09-12,NA,20.9,255
2011-09-13,NA,20.7,256
2011-09-14,NA,20.6,257
2011-09-15,NA,NA,258
2011-09-16,NA,NA,259
2011-09-17,NA,NA,260
2011-09-18,NA,NA,261
2011-09-19,NA,NA,262
2011-09-20,NA,NA,263
2011-09-21,NA,NA,264
2011-09-22,NA,NA,265
2011-09-23,NA,NA,266
2011-09-24,NA,NA,267
2011-09-25,NA,NA,268
2011-09-26,NA,NA,269
2011-09-27,NA,NA,270
2011-09-28,NA,NA,271
2011-09-29,NA,NA,272
2011-09-30,NA,NA,273
2011-10-01,NA,NA,274
2011-10-02,NA,NA,275
2011-10-03,NA,NA,276
2011-10-04,NA,NA,277
2011-10-05,NA,NA,278
2011-10-06,NA,NA,279
2011-10-07,NA,NA,280
2011-10-08,NA,NA,281
2011-10-09,NA,NA,282
2011-10-10,NA,NA,283
2011-10-11,NA,NA,284
2011-10-12,NA,NA,285
2011-10-13,NA,NA,286
2011-10-14,NA,NA,287
2011-10-15,NA,NA,288
2011-10-16,NA,NA,289
2011-10-17,NA,NA,290
2011-10-18,NA,NA,291
2011-10-19,NA,NA,292
2011-10-20,NA,NA,293
2011-10-21,NA,NA,294
2011-10-22,NA,NA,295
2011-10-23,NA,NA,296
2011-10-24,NA,NA,297
2011-10-25,NA,NA,298
2011-10-26,NA,NA,299
2011-10-27,NA,NA,300
2011-10-28,NA,NA,301
2011-10-29,NA,NA,302
2011-10-30,NA,NA,303
2011-10-31,NA,NA,304
2011-11-01,NA,NA,305
2011-11-02,NA,NA,306
2011-11-03,NA,NA,307
2011-11-04,NA,NA,308
2011-11-05,NA,NA,309
2011-11-06,NA,NA,310
2011-11-07,NA,NA,311
2011-11-08,NA,NA,312
2011-11-09,NA,NA,313
2011-11-10,NA,NA,314
2011-11-11,NA,NA,315
2011-11-12,NA,NA,316
2011-11-13,NA,NA,317
2011-11-14,NA,NA,318
2011-11-15,NA,NA,319
2011-11-16,NA,NA,320
2011-11-17,NA,NA,321
2011-11-18,NA,NA,322
2011-11-19,NA,NA,323
2011-11-20,NA,NA,324
2011-11-21,NA,NA,325
2011-11-22,NA,NA,326
2011-11-23,NA,NA,327
2011-11-24,NA,NA,328
2011-11-25,NA,NA,329
2011-11-26,NA,NA,330
2011-11-27,NA,NA,331
2011-11-28,NA,NA,332
2011-11-29,NA,NA,333
2011-11-30,NA,NA,334
2011-12-01,NA,NA,335
2011-12-02,NA,NA,336
2011-12-03,NA,NA,337
2011-12-04,NA,NA,338
2011-12-05,NA,NA,339
2011-12-06,NA,NA,340
2011-12-07,NA,NA,341
2011-12-08,NA,NA,342
2011-12-09,NA,NA,343
2011-12-10,NA,NA,344
2011-12-11,NA,NA,345
2011-12-12,NA,NA,346
2011-12-13,NA,NA,347
2011-12-14,NA,NA,348
2011-12-15,NA,NA,349
2011-12-16,NA,NA,350
2011-12-17,NA,NA,351
2011-12-18,NA,NA,352
2011-12-19,NA,NA,353
2011-12-20,NA,NA,354
2011-12-21,NA,NA,355
2011-12-22,NA,NA,356
2011-12-23,NA,NA,357
2011-12-24,NA,NA,358
2011-12-25,NA,NA,359
2011-12-26,NA,NA,360
2011-12-27,NA,NA,361
2011-12-28,NA,NA,362
2011-12-29,NA,NA,363
2011-12-30,NA,NA,364
2011-12-31,NA,NA,365
NA,NA,NA,NA
NA,NA,NA,NA
NA,NA,NA,NA
NA,NA,NA,NA
NA,NA,NA,NA
NA,NA,NA,NA
NA,NA,NA,NA
NA,NA,NA,NA
NA,NA,NA,NA
NA,NA,NA,NA
NA,NA,NA,NA
NA,NA,NA,NA
NA,NA,NA,NA
NA,NA,NA,NA
NA,NA,NA,NA
NA,NA,NA,NA
NA,NA,NA,NA
NA,NA,NA,NA
NA,NA,NA,NA
NA,NA,NA,NA
NA,NA,NA,NA
NA,NA,NA,NA
2010-01-01,NA,NA,1
2010-01-02,NA,NA,2
2010-01-03,NA,NA,3
2010-01-04,NA,NA,4
2010-01-05,NA,NA,5
2010-01-06,NA,NA,6
2010-01-07,NA,NA,7
2010-01-08,NA,NA,8
2010-01-09,NA,NA,9
2010-01-10,NA,NA,10
2010-01-11,NA,NA,11
2010-01-12,NA,NA,12
2010-01-13,NA,NA,13
2010-01-14,NA,NA,14
2010-01-15,NA,NA,15
2010-01-16,NA,NA,16
2010-01-17,NA,NA,17
2010-01-18,NA,NA,18
2010-01-19,NA,NA,19
2010-01-20,NA,NA,20
2010-01-21,NA,NA,21
2010-01-22,NA,NA,22
2010-01-23,NA,NA,23
2010-01-24,NA,NA,24
2010-01-25,NA,NA,25
2010-01-26,NA,NA,26
2010-01-27,NA,NA,27
2010-01-28,NA,NA,28
2010-01-29,NA,NA,29
2010-01-30,NA,NA,30
2010-01-31,NA,NA,31
2010-02-01,NA,NA,32
2010-02-02,NA,NA,33
2010-02-03,NA,NA,34
2010-02-04,NA,NA,35
2010-02-05,NA,NA,36
2010-02-06,NA,NA,37
2010-02-07,NA,NA,38
2010-02-08,NA,NA,39
2010-02-09,NA,NA,40
2010-02-10,NA,NA,41
2010-02-11,NA,NA,42
2010-02-12,NA,NA,43
2010-02-13,NA,NA,44
2010-02-14,NA,NA,45
2010-02-15,NA,NA,46
2010-02-16,NA,NA,47
2010-02-17,NA,NA,48
2010-02-18,NA,NA,49
2010-02-19,NA,NA,50
2010-02-20,NA,NA,51
2010-02-21,NA,NA,52
2010-02-22,NA,NA,53
2010-02-23,NA,NA,54
2010-02-24,NA,NA,55
2010-02-25,NA,NA,56
2010-02-26,NA,NA,57
2010-02-27,NA,NA,58
2010-02-28,NA,NA,59
2010-03-01,NA,NA,60
2010-03-02,NA,NA,61
2010-03-03,NA,NA,62
2010-03-04,NA,NA,63
2010-03-05,NA,NA,64
2010-03-06,NA,NA,65
2010-03-07,NA,NA,66
2010-03-08,NA,NA,67
2010-03-09,NA,NA,68
2010-03-10,NA,NA,69
2010-03-11,NA,NA,70
2010-03-12,NA,NA,71
2010-03-13,NA,NA,72
2010-03-14,NA,NA,73
2010-03-15,NA,NA,74
2010-03-16,NA,NA,75
2010-03-17,NA,7,76
2010-03-18,NA,7.1,77
2010-03-19,NA,7.1,78
2010-03-20,NA,7.2,79
2010-03-21,NA,7.4,80
2010-03-22,NA,7.5,81
2010-03-23,NA,7.6,82
2010-03-24,NA,7.7,83
2010-03-25,NA,7.9,84
2010-03-26,NA,7.9,85
2010-03-27,NA,8,86
2010-03-28,NA,8.1,87
2010-03-29,NA,8,88
2010-03-30,NA,7.9,89
2010-03-31,NA,7.8,90
2010-04-01,NA,7.9,91
2010-04-02,NA,7.9,92
2010-04-03,NA,7.7,93
2010-04-04,NA,7.7,94
2010-04-05,NA,7.8,95
2010-04-06,NA,8,96
2010-04-07,NA,8.2,97
2010-04-08,NA,8.4,98
2010-04-09,NA,8.4,99
2010-04-10,NA,8.5,100
2010-04-11,NA,8.7,101
2010-04-12,NA,9,102
2010-04-13,NA,9.1,103
2010-04-14,NA,9.2,104
2010-04-15,NA,9.5,105
2010-04-16,NA,9.8,106
2010-04-17,NA,10,107
2010-04-18,NA,10.1,108
2010-04-19,NA,10.3,109
2010-04-20,NA,10.4,110
2010-04-21,NA,10.1,111
2010-04-22,NA,10.1,112
2010-04-23,NA,10.3,113
2010-04-24,NA,10.6,114
2010-04-25,NA,10.8,115
2010-04-26,NA,11,116
2010-04-27,NA,11.1,117
2010-04-28,NA,11.3,118
2010-04-29,NA,11.3,119
2010-04-30,NA,11.3,120
2010-05-01,NA,11.3,121
2010-05-02,NA,11.4,122
2010-05-03,NA,11.4,123
2010-05-04,NA,11.3,124
2010-05-05,NA,11.3,125
2010-05-06,NA,11.2,126
2010-05-07,1,11.3,127
2010-05-08,14,11.4,128
2010-05-09,4,11.6,129
2010-05-10,18,11.7,130
2010-05-11,30,11.7,131
2010-05-12,58,11.8,132
2010-05-13,56,12,133
2010-05-14,132,12.5,134
2010-05-15,474,12.9,135
2010-05-16,775,13.2,136
2010-05-17,2303,13.2,137
2010-05-18,2112,13.1,138
2010-05-19,904,13.2,139
2010-05-20,1402,13.2,140
2010-05-21,1506,13.1,141
2010-05-22,2496,13,142
2010-05-23,2065,12.9,143
2010-05-24,3467,12.8,144
2010-05-25,2166,13,145
2010-05-26,4248,13.2,146
2010-05-27,3958,13.3,147
2010-05-28,3119,13.2,148
2010-05-29,1581,13,149
2010-05-30,5280,13.2,150
2010-05-31,6869,13.5,151
2010-06-01,5836,13.9,152
2010-06-02,28414,14,153
2010-06-03,14712,13.9,154
2010-06-04,16124,13.9,155
2010-06-05,26553,14.1,156
2010-06-06,71423,14.4,157
2010-06-07,81656,14.4,158
2010-06-08,11311,14.5,159
2010-06-09,60854,14.4,160
2010-06-10,35019,14.4,161
2010-06-11,39325,14.6,162
2010-06-12,77810,15.1,163
2010-06-13,88762,15.3,164
2010-06-14,48128,14.9,165
2010-06-15,19192,14.6,166
2010-06-16,14064,14.5,167
2010-06-17,10788,14.5,168
2010-06-18,18636,14.9,169
2010-06-19,38872,15.1,170
2010-06-20,27173,15.1,171
2010-06-21,13775,15.2,172
2010-06-22,24351,15.3,173
2010-06-23,43985,15.5,174
2010-06-24,32714,15.8,175
2010-06-25,25826,16.1,176
2010-06-26,14978,16.2,177
2010-06-27,16762,16.3,178
2010-06-28,15642,16.6,179
2010-06-29,12556,16.8,180
2010-06-30,8091,16.7,181
2010-07-01,9764,16.7,182
2010-07-02,7772,16.8,183
2010-07-03,6021,16.9,184
2010-07-04,4728,16.8,185
2010-07-05,2634,16.6,186
2010-07-06,4906,17,187
2010-07-07,2658,17.4,188
2010-07-08,1520,17.8,189
2010-07-09,1722,18.2,190
2010-07-10,1056,18.4,191
2010-07-11,728,18.5,192
2010-07-12,1046,18.4,193
2010-07-13,542,18,194
2010-07-14,779,18.2,195
2010-07-15,814,18.6,196
2010-07-16,970,19,197
2010-07-17,665,19.1,198
2010-07-18,532,19,199
2010-07-19,522,19,200
2010-07-20,339,19.1,201
2010-07-21,325,19.2,202
2010-07-22,730,19.5,203
2010-07-23,227,19.9,204
2010-07-24,417,20.3,205
2010-07-25,305,20.5,206
2010-07-26,364,20.7,207
2010-07-27,279,20.8,208
2010-07-28,302,20.9,209
2010-07-29,110,20.7,210
2010-07-30,127,20.6,211
2010-07-31,145,20.6,212
2010-08-01,72,20.6,213
2010-08-02,115,20.8,214
2010-08-03,129,20.8,215
2010-08-04,71,21,216
2010-08-05,102,21.4,217
2010-08-06,71,21.6,218
2010-08-07,60,21.4,219
2010-08-08,69,21.5,220
2010-08-09,21,21.4,221
2010-08-10,9,20.9,222
2010-08-11,30,20.9,223
2010-08-12,21,21.1,224
2010-08-13,39,21.3,225
2010-08-14,42,21.5,226
2010-08-15,14,21.9,227
2010-08-16,7,22.3,228
2010-08-17,17,22.5,229
2010-08-18,6,22.3,230
2010-08-19,11,21.9,231
2010-08-20,16,21.5,232
2010-08-21,8,21.1,233
2010-08-22,5,20.5,234
2010-08-23,8,20.3,235
2010-08-24,15,20.4,236
2010-08-25,10,20.7,237
2010-08-26,14,20.9,238
2010-08-27,25,20.7,239
2010-08-28,25,20.7,240
2010-08-29,10,20.4,241
2010-08-30,3,20.2,242
2010-08-31,7,19.8,243
2010-09-01,NA,19.5,244
2010-09-02,NA,19.5,245
2010-09-03,NA,19.5,246
2010-09-04,NA,19.7,247
2010-09-05,NA,19.4,248
2010-09-06,NA,19.1,249
2010-09-07,NA,19.1,250
2010-09-08,NA,19,251
2010-09-09,NA,19,252
2010-09-10,NA,18.7,253
2010-09-11,NA,18.5,254
2010-09-12,NA,18.6,255
2010-09-13,NA,18.8,256
2010-09-14,NA,18.9,257
2010-09-15,NA,18.9,258
2010-09-16,NA,18.9,259
2010-09-17,NA,19,260
2010-09-18,NA,19.2,261
2010-09-19,NA,19.3,262
2010-09-20,NA,19.1,263
2010-09-21,NA,18.9,264
2010-09-22,NA,NA,265
2010-09-23,NA,NA,266
2010-09-24,NA,NA,267
2010-09-25,NA,NA,268
2010-09-26,NA,NA,269
2010-09-27,NA,NA,270
2010-09-28,NA,NA,271
2010-09-29,NA,NA,272
2010-09-30,NA,NA,273
2010-10-01,NA,NA,274
2010-10-02,NA,NA,275
2010-10-03,NA,NA,276
2010-10-04,NA,NA,277
2010-10-05,NA,NA,278
2010-10-06,NA,NA,279
2010-10-07,NA,NA,280
2010-10-08,NA,NA,281
2010-10-09,NA,NA,282
2010-10-10,NA,NA,283
2010-10-11,NA,NA,284
2010-10-12,NA,NA,285
2010-10-13,NA,NA,286
2010-10-14,NA,NA,287
2010-10-15,NA,NA,288
2010-10-16,NA,NA,289
2010-10-17,NA,NA,290
2010-10-18,NA,NA,291
2010-10-19,NA,NA,292
2010-10-20,NA,NA,293
2010-10-21,NA,NA,294
2010-10-22,NA,NA,295
2010-10-23,NA,NA,296
2010-10-24,NA,NA,297
2010-10-25,NA,NA,298
2010-10-26,NA,NA,299
2010-10-27,NA,NA,300
2010-10-28,NA,NA,301
2010-10-29,NA,NA,302
2010-10-30,NA,NA,303
2010-10-31,NA,NA,304
2010-11-01,NA,NA,305
2010-11-02,NA,NA,306
2010-11-03,NA,NA,307
2010-11-04,NA,NA,308
2010-11-05,NA,NA,309
2010-11-06,NA,NA,310
2010-11-07,NA,NA,311
2010-11-08,NA,NA,312
2010-11-09,NA,NA,313
2010-11-10,NA,NA,314
2010-11-11,NA,NA,315
2010-11-12,NA,NA,316
2010-11-13,NA,NA,317
2010-11-14,NA,NA,318
2010-11-15,NA,NA,319
2010-11-16,NA,NA,320
2010-11-17,NA,NA,321
2010-11-18,NA,NA,322
2010-11-19,NA,NA,323
2010-11-20,NA,NA,324
2010-11-21,NA,NA,325
2010-11-22,NA,NA,326
2010-11-23,NA,NA,327
2010-11-24,NA,NA,328
2010-11-25,NA,NA,329
2010-11-26,NA,NA,330
2010-11-27,NA,NA,331
2010-11-28,NA,NA,332
2010-11-29,NA,NA,333
2010-11-30,NA,NA,334
2010-12-01,NA,NA,335
2010-12-02,NA,NA,336
2010-12-03,NA,NA,337
2010-12-04,NA,NA,338
2010-12-05,NA,NA,339
2010-12-06,NA,NA,340
2010-12-07,NA,NA,341
2010-12-08,NA,NA,342
2010-12-09,NA,NA,343
2010-12-10,NA,NA,344
2010-12-11,NA,NA,345
2010-12-12,NA,NA,346
2010-12-13,NA,NA,347
2010-12-14,NA,NA,348
2010-12-15,NA,NA,349
2010-12-16,NA,NA,350
2010-12-17,NA,NA,351
2010-12-18,NA,NA,352
2010-12-19,NA,NA,353
2010-12-20,NA,NA,354
2010-12-21,NA,NA,355
2010-12-22,NA,NA,356
2010-12-23,NA,NA,357
2010-12-24,NA,NA,358
2010-12-25,NA,NA,359
2010-12-26,NA,NA,360
2010-12-27,NA,NA,361
2010-12-28,NA,NA,362
2010-12-29,NA,NA,363
2010-12-30,NA,NA,364
2010-12-31,NA,NA,365
NA,NA,NA,NA
NA,NA,NA,NA
NA,NA,NA,NA
NA,NA,NA,NA
NA,NA,NA,NA
NA,NA,NA,NA
NA,NA,NA,NA
NA,NA,NA,NA
NA,NA,NA,NA
NA,NA,NA,NA
NA,NA,NA,NA
NA,NA,NA,NA
NA,NA,NA,NA
NA,NA,NA,NA
NA,NA,NA,NA
NA,NA,NA,NA
NA,NA,NA,NA
NA,NA,NA,NA
NA,NA,NA,NA
NA,NA,NA,NA
NA,NA,NA,NA
NA,NA,NA,NA
2009-01-01,NA,NA,1
2009-01-02,NA,NA,2
2009-01-03,NA,NA,3
2009-01-04,NA,NA,4
2009-01-05,NA,NA,5
2009-01-06,NA,NA,6
2009-01-07,NA,NA,7
2009-01-08,NA,NA,8
2009-01-09,NA,NA,9
2009-01-10,NA,NA,10
2009-01-11,NA,NA,11
2009-01-12,NA,NA,12
2009-01-13,NA,NA,13
2009-01-14,NA,NA,14
2009-01-15,NA,NA,15
2009-01-16,NA,NA,16
2009-01-17,NA,NA,17
2009-01-18,NA,NA,18
2009-01-19,NA,NA,19
2009-01-20,NA,NA,20
2009-01-21,NA,NA,21
2009-01-22,NA,NA,22
2009-01-23,NA,NA,23
2009-01-24,NA,NA,24
2009-01-25,NA,NA,25
2009-01-26,NA,NA,26
2009-01-27,NA,NA,27
2009-01-28,NA,NA,28
2009-01-29,NA,NA,29
2009-01-30,NA,NA,30
2009-01-31,NA,NA,31
2009-02-01,NA,NA,32
2009-02-02,NA,NA,33
2009-02-03,NA,NA,34
2009-02-04,NA,NA,35
2009-02-05,NA,NA,36
2009-02-06,NA,NA,37
2009-02-07,NA,NA,38
2009-02-08,NA,NA,39
2009-02-09,NA,NA,40
2009-02-10,NA,NA,41
2009-02-11,NA,NA,42
2009-02-12,NA,NA,43
2009-02-13,NA,NA,44
2009-02-14,NA,NA,45
2009-02-15,NA,NA,46
2009-02-16,NA,NA,47
2009-02-17,NA,NA,48
2009-02-18,NA,NA,49
2009-02-19,NA,NA,50
2009-02-20,NA,NA,51
2009-02-21,NA,NA,52
2009-02-22,NA,NA,53
2009-02-23,NA,NA,54
2009-02-24,NA,NA,55
2009-02-25,NA,NA,56
2009-02-26,NA,NA,57
2009-02-27,NA,NA,58
2009-02-28,NA,NA,59
2009-03-01,NA,NA,60
2009-03-02,NA,NA,61
2009-03-03,NA,NA,62
2009-03-04,NA,NA,63
2009-03-05,NA,NA,64
2009-03-06,NA,NA,65
2009-03-07,NA,NA,66
2009-03-08,NA,NA,67
2009-03-09,NA,NA,68
2009-03-10,NA,NA,69
2009-03-11,NA,NA,70
2009-03-12,NA,NA,71
2009-03-13,NA,NA,72
2009-03-14,NA,NA,73
2009-03-15,NA,NA,74
2009-03-16,NA,NA,75
2009-03-17,NA,NA,76
2009-03-18,NA,NA,77
2009-03-19,NA,5.1,78
2009-03-20,NA,5.2,79
2009-03-21,NA,5.4,80
2009-03-22,NA,5.5,81
2009-03-23,NA,5.6,82
2009-03-24,NA,5.7,83
2009-03-25,NA,5.8,84
2009-03-26,NA,5.9,85
2009-03-27,NA,6.1,86
2009-03-28,NA,6.2,87
2009-03-29,NA,6.3,88
2009-03-30,NA,6.4,89
2009-03-31,NA,6.4,90
2009-04-01,NA,6.4,91
2009-04-02,NA,6.5,92
2009-04-03,NA,6.6,93
2009-04-04,NA,6.8,94
2009-04-05,NA,7,95
2009-04-06,NA,7.2,96
2009-04-07,NA,7.4,97
2009-04-08,NA,7.6,98
2009-04-09,NA,7.7,99
2009-04-10,NA,7.8,100
2009-04-11,NA,7.8,101
2009-04-12,NA,8,102
2009-04-13,NA,8.1,103
2009-04-14,NA,8,104
2009-04-15,NA,8.1,105
2009-04-16,NA,8.6,106
2009-04-17,NA,9,107
2009-04-18,NA,9.3,108
2009-04-19,NA,9.5,109
2009-04-20,NA,9.7,110
2009-04-21,NA,9.9,111
2009-04-22,NA,10,112
2009-04-23,NA,9.9,113
2009-04-24,NA,9.8,114
2009-04-25,NA,9.9,115
2009-04-26,NA,9.9,116
2009-04-27,NA,9.9,117
2009-04-28,NA,10,118
2009-04-29,NA,10.1,119
2009-04-30,NA,10.1,120
2009-05-01,NA,10.1,121
2009-05-02,NA,10.2,122
2009-05-03,NA,10.3,123
2009-05-04,NA,10.4,124
2009-05-05,NA,10.3,125
2009-05-06,NA,10.3,126
2009-05-07,1,10.3,127
2009-05-08,NA,10.4,128
2009-05-09,NA,10.6,129
2009-05-10,9,10.9,130
2009-05-11,8,11.1,131
2009-05-12,6,11,132
2009-05-13,4,11,133
2009-05-14,1,11.1,134
2009-05-15,69,11.5,135
2009-05-16,247,11.9,136
2009-05-17,465,12.3,137
2009-05-18,867,12.7,138
2009-05-19,1458,12.8,139
2009-05-20,627,12.7,140
2009-05-21,1288,12.9,141
2009-05-22,1757,13.3,142
2009-05-23,4042,13.7,143
2009-05-24,2755,13.8,144
2009-05-25,5779,13.9,145
2009-05-26,30497,14.2,146
2009-05-27,18451,14.3,147
2009-05-28,24866,14.5,148
2009-05-29,63192,14.9,149
2009-05-30,83492,15.3,150
2009-05-31,73968,15.4,151
2009-06-01,69973,15.4,152
2009-06-02,65737,15.3,153
2009-06-03,56589,15.5,154
2009-06-04,50320,15.6,155
2009-06-05,45018,15.4,156
2009-06-06,33876,15.5,157
2009-06-07,33738,15.4,158
2009-06-08,70580,15.5,159
2009-06-09,83236,15.8,160
2009-06-10,67490,16,161
2009-06-11,40122,16.1,162
2009-06-12,39140,16,163
2009-06-13,45725,16.2,164
2009-06-14,36473,16.3,165
2009-06-15,28845,16.5,166
2009-06-16,38816,16.5,167
2009-06-17,27380,16.6,168
2009-06-18,38769,16.9,169
2009-06-19,44058,17,170
2009-06-20,27308,17,171
2009-06-21,11207,16.9,172
2009-06-22,6815,16.7,173
2009-06-23,21657,16.7,174
2009-06-24,14045,17.1,175
2009-06-25,8636,17.3,176
2009-06-26,4784,17.2,177
2009-06-27,5562,17.1,178
2009-06-28,4000,17.4,179
2009-06-29,4820,17.7,180
2009-06-30,3999,17.7,181
2009-07-01,4093,17.6,182
2009-07-02,4137,18.3,183
2009-07-03,4151,18.6,184
2009-07-04,3610,18.8,185
2009-07-05,3114,19.1,186
2009-07-06,2091,19,187
2009-07-07,1396,18.8,188
2009-07-08,1261,18.6,189
2009-07-09,791,18.6,190
2009-07-10,1290,19,191
2009-07-11,582,19.3,192
2009-07-12,477,19.3,193
2009-07-13,632,19.1,194
2009-07-14,283,19.2,195
2009-07-15,191,19.2,196
2009-07-16,296,19.5,197
2009-07-17,162,20.1,198
2009-07-18,152,20.4,199
2009-07-19,159,20.4,200
2009-07-20,279,20.4,201
2009-07-21,226,20.6,202
2009-07-22,210,20.6,203
2009-07-23,179,20.6,204
2009-07-24,167,20.7,205
2009-07-25,93,21.1,206
2009-07-26,30,21.2,207
2009-07-27,139,21.6,208
2009-07-28,139,22.3,209
2009-07-29,117,22.6,210
2009-07-30,52,22.9,211
2009-07-31,72,23.1,212
2009-08-01,79,23.2,213
2009-08-02,60,23.5,214
2009-08-03,50,23.3,215
2009-08-04,21,23,216
2009-08-05,38,22.5,217
2009-08-06,18,22,218
2009-08-07,37,21.4,219
2009-08-08,24,21,220
2009-08-09,28,21.1,221
2009-08-10,20,21.3,222
2009-08-11,56,21.5,223
2009-08-12,37,21.7,224
2009-08-13,17,21.8,225
2009-08-14,17,21.6,226
2009-08-15,4,21.1,227
2009-08-16,2,20.8,228
2009-08-17,10,20.9,229
2009-08-18,4,21.1,230
2009-08-19,8,21.3,231
2009-08-20,11,21.6,232
2009-08-21,1,21.7,233
2009-08-22,5,21.6,234
2009-08-23,1,21.3,235
2009-08-24,14,21,236
2009-08-25,21,20.7,237
2009-08-26,6,20.6,238
2009-08-27,2,20.8,239
2009-08-28,1,20.9,240
2009-08-29,4,20.9,241
2009-08-30,1,20.9,242
2009-08-31,3,21.2,243
2009-09-01,NA,21.2,244
2009-09-02,NA,21.1,245
2009-09-03,NA,21.1,246
2009-09-04,NA,21,247
2009-09-05,NA,21,248
2009-09-06,NA,20.8,249
2009-09-07,NA,20.5,250
2009-09-08,NA,20.2,251
2009-09-09,NA,20.2,252
2009-09-10,NA,20.3,253
2009-09-11,NA,20.4,254
2009-09-12,NA,20.3,255
2009-09-13,NA,20.5,256
2009-09-14,NA,20.6,257
2009-09-15,NA,20.6,258
2009-09-16,NA,20.6,259
2009-09-17,NA,NA,260
2009-09-18,NA,NA,261
2009-09-19,NA,NA,262
2009-09-20,NA,NA,263
2009-09-21,NA,NA,264
2009-09-22,NA,NA,265
2009-09-23,NA,NA,266
2009-09-24,NA,NA,267
2009-09-25,NA,NA,268
2009-09-26,NA,NA,269
2009-09-27,NA,NA,270
2009-09-28,NA,NA,271
2009-09-29,NA,NA,272
2009-09-30,NA,NA,273
2009-10-01,NA,NA,274
2009-10-02,NA,NA,275
2009-10-03,NA,NA,276
2009-10-04,NA,NA,277
2009-10-05,NA,NA,278
2009-10-06,NA,NA,279
2009-10-07,NA,NA,280
2009-10-08,NA,NA,281
2009-10-09,NA,NA,282
2009-10-10,NA,NA,283
2009-10-11,NA,NA,284
2009-10-12,NA,NA,285
2009-10-13,NA,NA,286
2009-10-14,NA,NA,287
2009-10-15,NA,NA,288
2009-10-16,NA,NA,289
2009-10-17,NA,NA,290
2009-10-18,NA,NA,291
2009-10-19,NA,NA,292
2009-10-20,NA,NA,293
2009-10-21,NA,NA,294
2009-10-22,NA,NA,295
2009-10-23,NA,NA,296
2009-10-24,NA,NA,297
2009-10-25,NA,NA,298
2009-10-26,NA,NA,299
2009-10-27,NA,NA,300
2009-10-28,NA,NA,301
2009-10-29,NA,NA,302
2009-10-30,NA,NA,303
2009-10-31,NA,NA,304
2009-11-01,NA,NA,305
2009-11-02,NA,NA,306
2009-11-03,NA,NA,307
2009-11-04,NA,NA,308
2009-11-05,NA,NA,309
2009-11-06,NA,NA,310
2009-11-07,NA,NA,311
2009-11-08,NA,NA,312
2009-11-09,NA,NA,313
2009-11-10,NA,NA,314
2009-11-11,NA,NA,315
2009-11-12,NA,NA,316
2009-11-13,NA,NA,317
2009-11-14,NA,NA,318
2009-11-15,NA,NA,319
2009-11-16,NA,NA,320
2009-11-17,NA,NA,321
2009-11-18,NA,NA,322
2009-11-19,NA,NA,323
2009-11-20,NA,NA,324
2009-11-21,NA,NA,325
2009-11-22,NA,NA,326
2009-11-23,NA,NA,327
2009-11-24,NA,NA,328
2009-11-25,NA,NA,329
2009-11-26,NA,NA,330
2009-11-27,NA,NA,331
2009-11-28,NA,NA,332
2009-11-29,NA,NA,333
2009-11-30,NA,NA,334
2009-12-01,NA,NA,335
2009-12-02,NA,NA,336
2009-12-03,NA,NA,337
2009-12-04,NA,NA,338
2009-12-05,NA,NA,339
2009-12-06,NA,NA,340
2009-12-07,NA,NA,341
2009-12-08,NA,NA,342
2009-12-09,NA,NA,343
2009-12-10,NA,NA,344
2009-12-11,NA,NA,345
2009-12-12,NA,NA,346
2009-12-13,NA,NA,347
2009-12-14,NA,NA,348
2009-12-15,NA,NA,349
2009-12-16,NA,NA,350
2009-12-17,NA,NA,351
2009-12-18,NA,NA,352
2009-12-19,NA,NA,353
2009-12-20,NA,NA,354
2009-12-21,NA,NA,355
2009-12-22,NA,NA,356
2009-12-23,NA,NA,357
2009-12-24,NA,NA,358
2009-12-25,NA,NA,359
2009-12-26,NA,NA,360
2009-12-27,NA,NA,361
2009-12-28,NA,NA,362
2009-12-29,NA,NA,363
2009-12-30,NA,NA,364
2009-12-31,NA,NA,365
NA,NA,NA,NA
NA,NA,NA,NA
NA,NA,NA,NA
NA,NA,NA,NA
NA,NA,NA,NA
NA,NA,NA,NA
NA,NA,NA,NA
NA,NA,NA,NA
NA,NA,NA,NA
NA,NA,NA,NA
NA,NA,NA,NA
NA,NA,NA,NA
NA,NA,NA,NA
NA,NA,NA,NA
NA,NA,NA,NA
NA,NA,NA,NA
NA,NA,NA,NA
NA,NA,NA,NA
NA,NA,NA,NA
NA,NA,NA,NA
NA,NA,NA,NA
NA,NA,NA,NA
2008-01-01,NA,NA,1
2008-01-02,NA,NA,2
2008-01-03,NA,NA,3
2008-01-04,NA,NA,4
2008-01-05,NA,NA,5
2008-01-06,NA,NA,6
2008-01-07,NA,NA,7
2008-01-08,NA,NA,8
2008-01-09,NA,NA,9
2008-01-10,NA,NA,10
2008-01-11,NA,NA,11
2008-01-12,NA,NA,12
2008-01-13,NA,NA,13
2008-01-14,NA,NA,14
2008-01-15,NA,NA,15
2008-01-16,NA,NA,16
2008-01-17,NA,NA,17
2008-01-18,NA,NA,18
2008-01-19,NA,NA,19
2008-01-20,NA,NA,20
2008-01-21,NA,NA,21
2008-01-22,NA,NA,22
2008-01-23,NA,NA,23
2008-01-24,NA,NA,24
2008-01-25,NA,NA,25
2008-01-26,NA,NA,26
2008-01-27,NA,NA,27
2008-01-28,NA,NA,28
2008-01-29,NA,NA,29
2008-01-30,NA,NA,30
2008-01-31,NA,NA,31
2008-02-01,NA,NA,32
2008-02-02,NA,NA,33
2008-02-03,NA,NA,34
2008-02-04,NA,NA,35
2008-02-05,NA,NA,36
2008-02-06,NA,NA,37
2008-02-07,NA,NA,38
2008-02-08,NA,NA,39
2008-02-09,NA,NA,40
2008-02-10,NA,NA,41
2008-02-11,NA,NA,42
2008-02-12,NA,NA,43
2008-02-13,NA,NA,44
2008-02-14,NA,NA,45
2008-02-15,NA,NA,46
2008-02-16,NA,NA,47
2008-02-17,NA,NA,48
2008-02-18,NA,NA,49
2008-02-19,NA,NA,50
2008-02-20,NA,NA,51
2008-02-21,NA,NA,52
2008-02-22,NA,NA,53
2008-02-23,NA,NA,54
2008-02-24,NA,NA,55
2008-02-25,NA,NA,56
2008-02-26,NA,NA,57
2008-02-27,NA,5,58
2008-02-28,NA,5,59
2008-02-29,NA,5.2,60
2008-03-01,NA,5.2,61
2008-03-02,NA,5.2,62
2008-03-03,NA,5.2,63
2008-03-04,NA,5.2,64
2008-03-05,NA,5.2,65
2008-03-06,NA,5.2,66
2008-03-07,NA,5.2,67
2008-03-08,NA,5.3,68
2008-03-09,NA,5.5,69
2008-03-10,NA,5.7,70
2008-03-11,NA,5.9,71
2008-03-12,NA,6,72
2008-03-13,NA,6,73
2008-03-14,NA,6,74
2008-03-15,NA,6,75
2008-03-16,NA,6.1,76
2008-03-17,NA,6.2,77
2008-03-18,NA,6.4,78
2008-03-19,NA,6.5,79
2008-03-20,NA,6.5,80
2008-03-21,NA,6.5,81
2008-03-22,NA,6.4,82
2008-03-23,NA,6.5,83
2008-03-24,NA,6.5,84
2008-03-25,NA,6.7,85
2008-03-26,NA,6.8,86
2008-03-27,NA,6.7,87
2008-03-28,NA,6.7,88
2008-03-29,NA,6.5,89
2008-03-30,NA,6.4,90
2008-03-31,NA,6.6,91
2008-04-01,NA,6.7,92
2008-04-02,NA,6.9,93
2008-04-03,NA,7,94
2008-04-04,NA,7.1,95
2008-04-05,NA,7,96
2008-04-06,NA,7.1,97
2008-04-07,NA,7.2,98
2008-04-08,NA,7.2,99
2008-04-09,NA,7.3,100
2008-04-10,NA,7.4,101
2008-04-11,NA,7.5,102
2008-04-12,NA,7.8,103
2008-04-13,NA,8.1,104
2008-04-14,NA,8.2,105
2008-04-15,NA,8.1,106
2008-04-16,NA,8.2,107
2008-04-17,NA,8.3,108
2008-04-18,NA,8.4,109
2008-04-19,NA,8.5,110
2008-04-20,NA,8.6,111
2008-04-21,NA,8.7,112
2008-04-22,NA,8.7,113
2008-04-23,NA,8.7,114
2008-04-24,NA,8.8,115
2008-04-25,NA,9,116
2008-04-26,NA,9.4,117
2008-04-27,NA,9.5,118
2008-04-28,NA,9.7,119
2008-04-29,NA,9.9,120
2008-04-30,NA,10,121
2008-05-01,NA,10.1,122
2008-05-02,NA,10.2,123
2008-05-03,NA,10.4,124
2008-05-04,NA,10.6,125
2008-05-05,1,10.9,126
2008-05-06,7,11.1,127
2008-05-07,6,10.9,128
2008-05-08,NA,10.8,129
2008-05-09,17,11,130
2008-05-10,7,11.3,131
2008-05-11,11,11.4,132
2008-05-12,16,11.4,133
2008-05-13,68,11.4,134
2008-05-14,350,11.8,135
2008-05-15,1982,12.3,136
2008-05-16,4269,12.7,137
2008-05-17,2200,12.8,138
2008-05-18,2843,13.1,139
2008-05-19,2478,13.2,140
2008-05-20,1153,13.4,141
2008-05-21,630,13.3,142
2008-05-22,284,13.2,143
2008-05-23,662,13.1,144
2008-05-24,3966,12.9,145
2008-05-25,10863,13,146
2008-05-26,7916,13,147
2008-05-27,6257,13.3,148
2008-05-28,9081,13.4,149
2008-05-29,5439,13.2,150
2008-05-30,2670,13.1,151
2008-05-31,3837,13.2,152
2008-06-01,2439,13.1,153
2008-06-02,2573,13.1,154
2008-06-03,6595,13.2,155
2008-06-04,7440,13.3,156
2008-06-05,17663,13.4,157
2008-06-06,16423,13.4,158
2008-06-07,21904,13.4,159
2008-06-08,24256,13.4,160
2008-06-09,39999,13.3,161
2008-06-10,28616,13.1,162
2008-06-11,27754,12.9,163
2008-06-12,20099,13.1,164
2008-06-13,37342,13.4,165
2008-06-14,42059,13.5,166
2008-06-15,47291,13.6,167
2008-06-16,65086,13.9,168
2008-06-17,91476,14.2,169
2008-06-18,99837,14.5,170
2008-06-19,143638,14.9,171
2008-06-20,223502,15.3,172
2008-06-21,184612,15.4,173
2008-06-22,109720,15.5,174
2008-06-23,107693,15.6,175
2008-06-24,71268,15.6,176
2008-06-25,74705,15.8,177
2008-06-26,72564,15.8,178
2008-06-27,57526,16.2,179
2008-06-28,60607,16.6,180
2008-06-29,97297,17.1,181
2008-06-30,54458,17.3,182
2008-07-01,26268,17.4,183
2008-07-02,21722,17.4,184
2008-07-03,34195,17.6,185
2008-07-04,36966,17.8,186
2008-07-05,19523,17.8,187
2008-07-06,9644,17.9,188
2008-07-07,6403,18.1,189
2008-07-08,6599,18.3,190
2008-07-09,6889,18.7,191
2008-07-10,4469,18.7,192
2008-07-11,4574,18.7,193
2008-07-12,4246,18.8,194
2008-07-13,5927,19.1,195
2008-07-14,7010,19.4,196
2008-07-15,3805,19.6,197
2008-07-16,3047,19.7,198
2008-07-17,1936,19.5,199
2008-07-18,2059,19.4,200
2008-07-19,1702,19.2,201
2008-07-20,1454,19.3,202
2008-07-21,1298,19.6,203
2008-07-22,1288,19.6,204
2008-07-23,1002,19.3,205
2008-07-24,736,19.2,206
2008-07-25,1107,19.4,207
2008-07-26,749,19.5,208
2008-07-27,742,19.8,209
2008-07-28,694,20,210
2008-07-29,605,20,211
2008-07-30,681,19.9,212
2008-07-31,198,19.8,213
2008-08-01,416,19.7,214
2008-08-02,500,19.6,215
2008-08-03,243,19.6,216
2008-08-04,201,19.8,217
2008-08-05,248,20.1,218
2008-08-06,221,20.3,219
2008-08-07,235,20.5,220
2008-08-08,165,20.6,221
2008-08-09,156,20.6,222
2008-08-10,171,20.4,223
2008-08-11,120,20.5,224
2008-08-12,97,20.7,225
2008-08-13,69,20.7,226
2008-08-14,64,20.9,227
2008-08-15,101,21.3,228
2008-08-16,87,21.5,229
2008-08-17,48,21.8,230
2008-08-18,76,21.7,231
2008-08-19,67,21.5,232
2008-08-20,61,21.4,233
2008-08-21,77,21.1,234
2008-08-22,58,20.7,235
2008-08-23,26,20.9,236
2008-08-24,48,21.3,237
2008-08-25,32,21.2,238
2008-08-26,49,21.1,239
2008-08-27,33,20.9,240
2008-08-28,24,20.7,241
2008-08-29,12,20.7,242
2008-08-30,25,20.6,243
2008-08-31,33,20.1,244
2008-09-01,NA,19.7,245
2008-09-02,NA,19.5,246
2008-09-03,NA,19.3,247
2008-09-04,NA,19.3,248
2008-09-05,NA,19.3,249
2008-09-06,NA,19.5,250
2008-09-07,NA,19.7,251
2008-09-08,NA,19.7,252
2008-09-09,NA,19.8,253
2008-09-10,NA,19.9,254
2008-09-11,NA,19.8,255
2008-09-12,NA,19.8,256
2008-09-13,NA,19.9,257
2008-09-14,NA,19.8,258
2008-09-15,NA,19.5,259
2008-09-16,NA,19.5,260
2008-09-17,NA,19.6,261
2008-09-18,NA,NA,262
2008-09-19,NA,NA,263
2008-09-20,NA,NA,264
2008-09-21,NA,NA,265
2008-09-22,NA,NA,266
2008-09-23,NA,NA,267
2008-09-24,NA,NA,268
2008-09-25,NA,NA,269
2008-09-26,NA,NA,270
2008-09-27,NA,NA,271
2008-09-28,NA,NA,272
2008-09-29,NA,NA,273
2008-09-30,NA,NA,274
2008-10-01,NA,NA,275
2008-10-02,NA,NA,276
2008-10-03,NA,NA,277
2008-10-04,NA,NA,278
2008-10-05,NA,NA,279
2008-10-06,NA,NA,280
2008-10-07,NA,NA,281
2008-10-08,NA,NA,282
2008-10-09,NA,NA,283
2008-10-10,NA,NA,284
2008-10-11,NA,NA,285
2008-10-12,NA,NA,286
2008-10-13,NA,NA,287
2008-10-14,NA,NA,288
2008-10-15,NA,NA,289
2008-10-16,NA,NA,290
2008-10-17,NA,NA,291
2008-10-18,NA,NA,292
2008-10-19,NA,NA,293
2008-10-20,NA,NA,294
2008-10-21,NA,NA,295
2008-10-22,NA,NA,296
2008-10-23,NA,NA,297
2008-10-24,NA,NA,298
2008-10-25,NA,NA,299
2008-10-26,NA,NA,300
2008-10-27,NA,NA,301
2008-10-28,NA,NA,302
2008-10-29,NA,NA,303
2008-10-30,NA,NA,304
2008-10-31,NA,NA,305
2008-11-01,NA,NA,306
2008-11-02,NA,NA,307
2008-11-03,NA,NA,308
2008-11-04,NA,NA,309
2008-11-05,NA,NA,310
2008-11-06,NA,NA,311
2008-11-07,NA,NA,312
2008-11-08,NA,NA,313
2008-11-09,NA,NA,314
2008-11-10,NA,NA,315
2008-11-11,NA,NA,316
2008-11-12,NA,NA,317
2008-11-13,NA,NA,318
2008-11-14,NA,NA,319
2008-11-15,NA,NA,320
2008-11-16,NA,NA,321
2008-11-17,NA,NA,322
2008-11-18,NA,NA,323
2008-11-19,NA,NA,324
2008-11-20,NA,NA,325
2008-11-21,NA,NA,326
2008-11-22,NA,NA,327
2008-11-23,NA,NA,328
2008-11-24,NA,NA,329
2008-11-25,NA,NA,330
2008-11-26,NA,NA,331
2008-11-27,NA,NA,332
2008-11-28,NA,NA,333
2008-11-29,NA,NA,334
2008-11-30,NA,NA,335
2008-12-01,NA,NA,336
2008-12-02,NA,NA,337
2008-12-03,NA,NA,338
2008-12-04,NA,NA,339
2008-12-05,NA,NA,340
2008-12-06,NA,NA,341
2008-12-07,NA,NA,342
2008-12-08,NA,NA,343
2008-12-09,NA,NA,344
2008-12-10,NA,NA,345
2008-12-11,NA,NA,346
2008-12-12,NA,NA,347
2008-12-13,NA,NA,348
2008-12-14,NA,NA,349
2008-12-15,NA,NA,350
2008-12-16,NA,NA,351
2008-12-17,NA,NA,352
2008-12-18,NA,NA,353
2008-12-19,NA,NA,354
2008-12-20,NA,NA,355
2008-12-21,NA,NA,356
2008-12-22,NA,NA,357
2008-12-23,NA,NA,358
2008-12-24,NA,NA,359
2008-12-25,NA,NA,360
2008-12-26,NA,NA,361
2008-12-27,NA,NA,362
2008-12-28,NA,NA,363
2008-12-29,NA,NA,364
2008-12-30,NA,NA,365
2008-12-31,NA,NA,366
NA,NA,NA,NA
NA,NA,NA,NA
NA,NA,NA,NA
NA,NA,NA,NA
NA,NA,NA,NA
NA,NA,NA,NA
NA,NA,NA,NA
NA,NA,NA,NA
NA,NA,NA,NA
NA,NA,NA,NA
NA,NA,NA,NA
NA,NA,NA,NA
NA,NA,NA,NA
NA,NA,NA,NA
NA,NA,NA,NA
NA,NA,NA,NA
NA,NA,NA,NA
NA,NA,NA,NA
NA,NA,NA,NA
NA,NA,NA,NA
NA,NA,NA,NA
NA,NA,NA,NA
2007-01-01,NA,NA,1
2007-01-02,NA,NA,2
2007-01-03,NA,NA,3
2007-01-04,NA,NA,4
2007-01-05,NA,NA,5
2007-01-06,NA,NA,6
2007-01-07,NA,NA,7
2007-01-08,NA,NA,8
2007-01-09,NA,NA,9
2007-01-10,NA,NA,10
2007-01-11,NA,NA,11
2007-01-12,NA,NA,12
2007-01-13,NA,NA,13
2007-01-14,NA,NA,14
2007-01-15,NA,NA,15
2007-01-16,NA,NA,16
2007-01-17,NA,NA,17
2007-01-18,NA,NA,18
2007-01-19,NA,NA,19
2007-01-20,NA,NA,20
2007-01-21,NA,NA,21
2007-01-22,NA,NA,22
2007-01-23,NA,NA,23
2007-01-24,NA,NA,24
2007-01-25,NA,NA,25
2007-01-26,NA,NA,26
2007-01-27,NA,NA,27
2007-01-28,NA,NA,28
2007-01-29,NA,NA,29
2007-01-30,NA,NA,30
2007-01-31,NA,NA,31
2007-02-01,NA,NA,32
2007-02-02,NA,NA,33
2007-02-03,NA,NA,34
2007-02-04,NA,NA,35
2007-02-05,NA,NA,36
2007-02-06,NA,NA,37
2007-02-07,NA,NA,38
2007-02-08,NA,NA,39
2007-02-09,NA,NA,40
2007-02-10,NA,NA,41
2007-02-11,NA,NA,42
2007-02-12,NA,NA,43
2007-02-13,NA,NA,44
2007-02-14,NA,NA,45
2007-02-15,NA,NA,46
2007-02-16,NA,NA,47
2007-02-17,NA,NA,48
2007-02-18,NA,NA,49
2007-02-19,NA,NA,50
2007-02-20,NA,NA,51
2007-02-21,NA,4.1,52
2007-02-22,NA,4.1,53
2007-02-23,NA,4.2,54
2007-02-24,NA,4.1,55
2007-02-25,NA,4,56
2007-02-26,NA,4.2,57
2007-02-27,NA,4.3,58
2007-02-28,NA,4.3,59
2007-03-01,NA,4.3,60
2007-03-02,NA,4.3,61
2007-03-03,NA,4.5,62
2007-03-04,NA,4.7,63
2007-03-05,NA,4.8,64
2007-03-06,NA,5,65
2007-03-07,NA,5.1,66
2007-03-08,NA,5.1,67
2007-03-09,NA,5.1,68
2007-03-10,NA,5.2,69
2007-03-11,NA,5.3,70
2007-03-12,NA,5.5,71
2007-03-13,NA,5.8,72
2007-03-14,NA,5.9,73
2007-03-15,NA,5.7,74
2007-03-16,NA,5.6,75
2007-03-17,NA,5.8,76
2007-03-18,NA,6.2,77
2007-03-19,NA,6.4,78
2007-03-20,NA,6.5,79
2007-03-21,NA,6.5,80
2007-03-22,NA,6.8,81
2007-03-23,NA,7.4,82
2007-03-24,NA,7.5,83
2007-03-25,NA,7.5,84
2007-03-26,NA,7.4,85
2007-03-27,NA,7.3,86
2007-03-28,NA,7.4,87
2007-03-29,NA,7.5,88
2007-03-30,NA,7.5,89
2007-03-31,NA,7.5,90
2007-04-01,NA,7.3,91
2007-04-02,NA,7.1,92
2007-04-03,NA,7.2,93
2007-04-04,NA,7.4,94
2007-04-05,NA,7.7,95
2007-04-06,NA,8,96
2007-04-07,NA,8.1,97
2007-04-08,NA,8.2,98
2007-04-09,NA,8.3,99
2007-04-10,NA,8.2,100
2007-04-11,NA,8.4,101
2007-04-12,NA,8.3,102
2007-04-13,NA,8.5,103
2007-04-14,NA,8.8,104
2007-04-15,NA,8.9,105
2007-04-16,NA,9,106
2007-04-17,NA,9,107
2007-04-18,NA,9.2,108
2007-04-19,NA,9.4,109
2007-04-20,NA,9.5,110
2007-04-21,NA,9.6,111
2007-04-22,NA,9.8,112
2007-04-23,NA,9.9,113
2007-04-24,NA,10.1,114
2007-04-25,1,10.2,115
2007-04-26,2,10.3,116
2007-04-27,1,10.6,117
2007-04-28,11,10.8,118
2007-04-29,18,11,119
2007-04-30,23,11.1,120
2007-05-01,11,11.1,121
2007-05-02,10,11.2,122
2007-05-03,12,11.4,123
2007-05-04,18,11.5,124
2007-05-05,28,11.5,125
2007-05-06,343,11.6,126
2007-05-07,1362,12,127
2007-05-08,2604,12.4,128
2007-05-09,1380,12.4,129
2007-05-10,800,12.3,130
2007-05-11,2383,12.4,131
2007-05-12,3321,12.5,132
2007-05-13,1161,12.4,133
2007-05-14,5569,12.6,134
2007-05-15,17455,13,135
2007-05-16,15996,13.4,136
2007-05-17,11164,13.5,137
2007-05-18,46970,13.7,138
2007-05-19,44333,13.8,139
2007-05-20,37973,13.8,140
2007-05-21,20336,13.6,141
2007-05-22,11582,13.6,142
2007-05-23,24629,13.8,143
2007-05-24,51736,14,144
2007-05-25,71238,14.1,145
2007-05-26,60187,14.3,146
2007-05-27,30385,14.4,147
2007-05-28,30992,14.3,148
2007-05-29,43375,14.4,149
2007-05-30,56751,14.8,150
2007-05-31,101501,15.3,151
2007-06-01,148119,15.6,152
2007-06-02,55938,15.8,153
2007-06-03,96149,16,154
2007-06-04,28584,16.2,155
2007-06-05,49807,16.2,156
2007-06-06,31651,15.8,157
2007-06-07,38819,15.7,158
2007-06-08,28808,15.9,159
2007-06-09,94273,16.1,160
2007-06-10,76883,16.1,161
2007-06-11,112974,16,162
2007-06-12,82895,16.1,163
2007-06-13,69254,16.1,164
2007-06-14,40710,16.1,165
2007-06-15,101543,16,166
2007-06-16,54703,15.9,167
2007-06-17,29873,15.9,168
2007-06-18,22120,15.8,169
2007-06-19,62255,16.1,170
2007-06-20,83635,16.4,171
2007-06-21,121519,16.8,172
2007-06-22,66378,17,173
2007-06-23,45654,17,174
2007-06-24,89609,16.8,175
2007-06-25,24074,16.8,176
2007-06-26,19980,17,177
2007-06-27,23481,17.3,178
2007-06-28,23504,17.4,179
2007-06-29,22459,17.7,180
2007-06-30,18019,17.9,181
2007-07-01,21125,18.1,182
2007-07-02,11190,18.1,183
2007-07-03,11432,18.3,184
2007-07-04,10084,18.7,185
2007-07-05,10071,19.1,186
2007-07-06,7185,19.2,187
2007-07-07,5704,19.2,188
2007-07-08,4526,19.2,189
2007-07-09,3273,19.3,190
2007-07-10,3701,19.8,191
2007-07-11,3748,20.2,192
2007-07-12,2640,20.5,193
2007-07-13,2072,20.7,194
2007-07-14,2124,21,195
2007-07-15,1839,21.1,196
2007-07-16,1118,21.1,197
2007-07-17,943,21.1,198
2007-07-18,1025,21,199
2007-07-19,1195,21.1,200
2007-07-20,1442,21.1,201
2007-07-21,1113,21,202
2007-07-22,1073,21.1,203
2007-07-23,706,21.4,204
2007-07-24,491,21.5,205
2007-07-25,514,21.4,206
2007-07-26,380,21.3,207
2007-07-27,247,21.1,208
2007-07-28,417,21.4,209
2007-07-29,618,21.3,210
2007-07-30,186,21.1,211
2007-07-31,326,21.1,212
2007-08-01,334,21.3,213
2007-08-02,356,21.7,214
2007-08-03,296,21.8,215
2007-08-04,324,21.6,216
2007-08-05,328,21.5,217
2007-08-06,254,21.3,218
2007-08-07,215,21,219
2007-08-08,148,20.8,220
2007-08-09,85,20.8,221
2007-08-10,66,20.8,222
2007-08-11,85,20.9,223
2007-08-12,122,20.7,224
2007-08-13,72,20.7,225
2007-08-14,44,21,226
2007-08-15,38,21.2,227
2007-08-16,50,21.1,228
2007-08-17,43,21.1,229
2007-08-18,68,21.1,230
2007-08-19,90,20.8,231
2007-08-20,31,20.6,232
2007-08-21,44,20.7,233
2007-08-22,27,20.9,234
2007-08-23,23,21,235
2007-08-24,78,21.1,236
2007-08-25,35,21.2,237
2007-08-26,35,21,238
2007-08-27,21,20.8,239
2007-08-28,42,20.7,240
2007-08-29,19,20.6,241
2007-08-30,25,20.8,242
2007-08-31,40,21.2,243
2007-09-01,NA,21.2,244
2007-09-02,NA,21.3,245
2007-09-03,NA,21.4,246
2007-09-04,NA,21.4,247
2007-09-05,NA,21.1,248
2007-09-06,NA,20.9,249
2007-09-07,NA,20.6,250
2007-09-08,NA,20.4,251
2007-09-09,NA,20.1,252
2007-09-10,NA,19.9,253
2007-09-11,NA,20.1,254
2007-09-12,NA,20.3,255
2007-09-13,NA,20.6,256
2007-09-14,NA,20.5,257
2007-09-15,NA,NA,258
2007-09-16,NA,NA,259
2007-09-17,NA,NA,260
2007-09-18,NA,NA,261
2007-09-19,NA,NA,262
2007-09-20,NA,NA,263
2007-09-21,NA,NA,264
2007-09-22,NA,NA,265
2007-09-23,NA,NA,266
2007-09-24,NA,NA,267
2007-09-25,NA,NA,268
2007-09-26,NA,NA,269
2007-09-27,NA,NA,270
2007-09-28,NA,NA,271
2007-09-29,NA,NA,272
2007-09-30,NA,NA,273
2007-10-01,NA,NA,274
2007-10-02,NA,NA,275
2007-10-03,NA,NA,276
2007-10-04,NA,NA,277
2007-10-05,NA,NA,278
2007-10-06,NA,NA,279
2007-10-07,NA,NA,280
2007-10-08,NA,NA,281
2007-10-09,NA,NA,282
2007-10-10,NA,NA,283
2007-10-11,NA,NA,284
2007-10-12,NA,NA,285
2007-10-13,NA,NA,286
2007-10-14,NA,NA,287
2007-10-15,NA,NA,288
2007-10-16,NA,NA,289
2007-10-17,NA,NA,290
2007-10-18,NA,NA,291
2007-10-19,NA,NA,292
2007-10-20,NA,NA,293
2007-10-21,NA,NA,294
2007-10-22,NA,NA,295
2007-10-23,NA,NA,296
2007-10-24,NA,NA,297
2007-10-25,NA,NA,298
2007-10-26,NA,NA,299
2007-10-27,NA,NA,300
2007-10-28,NA,NA,301
2007-10-29,NA,NA,302
2007-10-30,NA,NA,303
2007-10-31,NA,NA,304
2007-11-01,NA,NA,305
2007-11-02,NA,NA,306
2007-11-03,NA,NA,307
2007-11-04,NA,NA,308
2007-11-05,NA,NA,309
2007-11-06,NA,NA,310
2007-11-07,NA,NA,311
2007-11-08,NA,NA,312
2007-11-09,NA,NA,313
2007-11-10,NA,NA,314
2007-11-11,NA,NA,315
2007-11-12,NA,NA,316
2007-11-13,NA,NA,317
2007-11-14,NA,NA,318
2007-11-15,NA,NA,319
2007-11-16,NA,NA,320
2007-11-17,NA,NA,321
2007-11-18,NA,NA,322
2007-11-19,NA,NA,323
2007-11-20,NA,NA,324
2007-11-21,NA,NA,325
2007-11-22,NA,NA,326
2007-11-23,NA,NA,327
2007-11-24,NA,NA,328
2007-11-25,NA,NA,329
2007-11-26,NA,NA,330
2007-11-27,NA,NA,331
2007-11-28,NA,NA,332
2007-11-29,NA,NA,333
2007-11-30,NA,NA,334
2007-12-01,NA,NA,335
2007-12-02,NA,NA,336
2007-12-03,NA,NA,337
2007-12-04,NA,NA,338
2007-12-05,NA,NA,339
2007-12-06,NA,NA,340
2007-12-07,NA,NA,341
2007-12-08,NA,NA,342
2007-12-09,NA,NA,343
2007-12-10,NA,NA,344
2007-12-11,NA,NA,345
2007-12-12,NA,NA,346
2007-12-13,NA,NA,347
2007-12-14,NA,NA,348
2007-12-15,NA,NA,349
2007-12-16,NA,NA,350
2007-12-17,NA,NA,351
2007-12-18,NA,NA,352
2007-12-19,NA,NA,353
2007-12-20,NA,NA,354
2007-12-21,NA,NA,355
2007-12-22,NA,NA,356
2007-12-23,NA,NA,357
2007-12-24,NA,NA,358
2007-12-25,NA,NA,359
2007-12-26,NA,NA,360
2007-12-27,NA,NA,361
2007-12-28,NA,NA,362
2007-12-29,NA,NA,363
2007-12-30,NA,NA,364
2007-12-31,NA,NA,365
NA,NA,NA,NA
NA,NA,NA,NA
NA,NA,NA,NA
NA,NA,NA,NA
NA,NA,NA,NA
NA,NA,NA,NA
NA,NA,NA,NA
NA,NA,NA,NA
NA,NA,NA,NA
NA,NA,NA,NA
NA,NA,NA,NA
NA,NA,NA,NA
NA,NA,NA,NA
NA,NA,NA,NA
NA,NA,NA,NA
NA,NA,NA,NA
NA,NA,NA,NA
NA,NA,NA,NA
NA,NA,NA,NA
NA,NA,NA,NA
NA,NA,NA,NA
NA,NA,NA,NA
2006-01-01,NA,4.4,1
2006-01-02,NA,4.5,2
2006-01-03,NA,4.6,3
2006-01-04,NA,4.7,4
2006-01-05,NA,4.8,5
2006-01-06,NA,4.9,6
2006-01-07,NA,5.1,7
2006-01-08,NA,5.3,8
2006-01-09,NA,5.3,9
2006-01-10,NA,5.5,10
2006-01-11,NA,5.6,11
2006-01-12,NA,5.4,12
2006-01-13,NA,5.3,13
2006-01-14,NA,5.2,14
2006-01-15,NA,5.1,15
2006-01-16,NA,5,16
2006-01-17,NA,4.9,17
2006-01-18,NA,4.9,18
2006-01-19,NA,5.1,19
2006-01-20,NA,5.2,20
2006-01-21,NA,5.2,21
2006-01-22,NA,5.2,22
2006-01-23,NA,5.1,23
2006-01-24,NA,5.1,24
2006-01-25,NA,5,25
2006-01-26,NA,5,26
2006-01-27,NA,5,27
2006-01-28,NA,4.9,28
2006-01-29,NA,5,29
2006-01-30,NA,5,30
2006-01-31,NA,5,31
2006-02-01,NA,4.9,32
2006-02-02,NA,4.9,33
2006-02-03,NA,4.9,34
2006-02-04,NA,5,35
2006-02-05,NA,4.9,36
2006-02-06,NA,4.8,37
2006-02-07,NA,4.7,38
2006-02-08,NA,4.6,39
2006-02-09,NA,4.7,40
2006-02-10,NA,4.7,41
2006-02-11,NA,4.6,42
2006-02-12,NA,4.6,43
2006-02-13,NA,4.7,44
2006-02-14,NA,4.7,45
2006-02-15,NA,4.7,46
2006-02-16,NA,4.5,47
2006-02-17,NA,4,48
2006-02-18,NA,3.5,49
2006-02-19,NA,3.3,50
2006-02-20,NA,3.3,51
2006-02-21,NA,3.4,52
2006-02-22,NA,3.6,53
2006-02-23,NA,3.8,54
2006-02-24,NA,3.7,55
2006-02-25,NA,3.5,56
2006-02-26,NA,3.3,57
2006-02-27,NA,3.3,58
2006-02-28,NA,3.5,59
2006-03-01,NA,3.6,60
2006-03-02,NA,3.8,61
2006-03-03,NA,3.9,62
2006-03-04,NA,4.1,63
2006-03-05,NA,4.4,64
2006-03-06,NA,4.5,65
2006-03-07,NA,4.7,66
2006-03-08,NA,4.8,67
2006-03-09,NA,4.7,68
2006-03-10,NA,4.7,69
2006-03-11,NA,4.7,70
2006-03-12,NA,4.8,71
2006-03-13,NA,5,72
2006-03-14,NA,5.1,73
2006-03-15,NA,5.2,74
2006-03-16,NA,5.3,75
2006-03-17,NA,5.2,76
2006-03-18,NA,5.3,77
2006-03-19,NA,5.4,78
2006-03-20,NA,5.5,79
2006-03-21,NA,5.8,80
2006-03-22,NA,5.8,81
2006-03-23,NA,5.9,82
2006-03-24,NA,6.1,83
2006-03-25,NA,6.3,84
2006-03-26,NA,6.4,85
2006-03-27,NA,6.5,86
2006-03-28,NA,6.8,87
2006-03-29,NA,7,88
2006-03-30,NA,7.3,89
2006-03-31,NA,7.7,90
2006-04-01,NA,7.9,91
2006-04-02,NA,8,92
2006-04-03,NA,8.1,93
2006-04-04,NA,8.1,94
2006-04-05,NA,8.4,95
2006-04-06,NA,8.5,96
2006-04-07,NA,8.5,97
2006-04-08,NA,8.5,98
2006-04-09,NA,8.7,99
2006-04-10,NA,8.7,100
2006-04-11,NA,8.7,101
2006-04-12,NA,8.7,102
2006-04-13,NA,8.8,103
2006-04-14,NA,8.9,104
2006-04-15,NA,8.9,105
2006-04-16,NA,8.8,106
2006-04-17,NA,8.8,107
2006-04-18,NA,9,108
2006-04-19,NA,9.1,109
2006-04-20,NA,9.1,110
2006-04-21,NA,9.2,111
2006-04-22,NA,9.3,112
2006-04-23,NA,9.5,113
2006-04-24,NA,9.7,114
2006-04-25,NA,9.8,115
2006-04-26,NA,9.8,116
2006-04-27,NA,10,117
2006-04-28,NA,10.3,118
2006-04-29,NA,10.6,119
2006-04-30,NA,10.7,120
2006-05-01,NA,10.8,121
2006-05-02,NA,11,122
2006-05-03,NA,11.3,123
2006-05-04,NA,11.6,124
2006-05-05,1,11.8,125
2006-05-06,6,11.8,126
2006-05-07,7,11.7,127
2006-05-08,18,11.6,128
2006-05-09,4,11.7,129
2006-05-10,67,11.9,130
2006-05-11,112,12.2,131
2006-05-12,70,12.3,132
2006-05-13,72,12.4,133
2006-05-14,222,12.6,134
2006-05-15,7541,12.9,135
2006-05-16,4047,13.2,136
2006-05-17,6448,13.5,137
2006-05-18,7318,13.8,138
2006-05-19,6381,14,139
2006-05-20,23121,14.3,140
2006-05-21,38267,14.6,141
2006-05-22,23620,14.7,142
2006-05-23,25082,14.8,143
2006-05-24,15507,14.9,144
2006-05-25,11801,15,145
2006-05-26,9729,14.8,146
2006-05-27,3886,14.5,147
2006-05-28,3088,14.2,148
2006-05-29,1934,13.9,149
2006-05-30,5737,13.8,150
2006-05-31,11578,13.8,151
2006-06-01,32224,13.7,152
2006-06-02,33574,13.8,153
2006-06-03,71752,14,154
2006-06-04,100802,14.4,155
2006-06-05,128536,14.9,156
2006-06-06,124187,15.1,157
2006-06-07,176050,15.4,158
2006-06-08,255728,15.5,159
2006-06-09,157260,15.5,160
2006-06-10,118692,15.7,161
2006-06-11,251962,16,162
2006-06-12,194605,16.1,163
2006-06-13,170173,16.1,164
2006-06-14,157939,16.1,165
2006-06-15,127966,16.2,166
2006-06-16,190368,16.3,167
2006-06-17,113800,16.2,168
2006-06-18,137192,16.2,169
2006-06-19,103829,16.2,170
2006-06-20,73487,16.2,171
2006-06-21,41956,16.3,172
2006-06-22,51340,16.6,173
2006-06-23,106100,16.7,174
2006-06-24,115339,17,175
2006-06-25,127000,17.5,176
2006-06-26,107519,17.9,177
2006-06-27,158027,18.2,178
2006-06-28,47677,18.2,179
2006-06-29,55710,18.2,180
2006-06-30,25093,18.2,181
2006-07-01,28548,18.5,182
2006-07-02,22591,18.8,183
2006-07-03,22703,19.1,184
2006-07-04,16833,19.3,185
2006-07-05,13877,19.2,186
2006-07-06,9819,19.1,187
2006-07-07,6288,19,188
2006-07-08,6978,19.3,189
2006-07-09,9026,19.9,190
2006-07-10,9233,20.1,191
2006-07-11,5888,20.2,192
2006-07-12,4530,20.1,193
2006-07-13,5047,20.1,194
2006-07-14,4324,20.4,195
2006-07-15,3992,20.6,196
2006-07-16,3071,20.8,197
2006-07-17,2355,20.7,198
2006-07-18,2122,20.4,199
2006-07-19,2427,20.4,200
2006-07-20,1962,20.6,201
2006-07-21,2443,20.9,202
2006-07-22,4422,21.4,203
2006-07-23,2250,21.7,204
2006-07-24,1092,22.1,205
2006-07-25,1223,22.1,206
2006-07-26,739,21.9,207
2006-07-27,853,21.9,208
2006-07-28,917,21.7,209
2006-07-29,466,21.5,210
2006-07-30,778,21.3,211
2006-07-31,506,21.2,212
2006-08-01,328,21.2,213
2006-08-02,437,21.2,214
2006-08-03,455,21.1,215
2006-08-04,602,21.1,216
2006-08-05,339,21.1,217
2006-08-06,315,21.5,218
2006-08-07,408,21.7,219
2006-08-08,274,21.3,220
2006-08-09,495,21.2,221
2006-08-10,314,21.3,222
2006-08-11,318,20.9,223
2006-08-12,203,20.7,224
2006-08-13,157,21,225
2006-08-14,174,21.2,226
2006-08-15,150,21.2,227
2006-08-16,116,20.8,228
2006-08-17,85,20.6,229
2006-08-18,26,20.8,230
2006-08-19,152,20.9,231
2006-08-20,96,21.2,232
2006-08-21,94,21.4,233
2006-08-22,106,21.2,234
2006-08-23,291,21,235
2006-08-24,54,20.8,236
2006-08-25,72,20.6,237
2006-08-26,67,20.8,238
2006-08-27,63,21.2,239
2006-08-28,51,21.5,240
2006-08-29,138,21.4,241
2006-08-30,3,20.9,242
2006-08-31,17,20.6,243
2006-09-01,NA,20.3,244
2006-09-02,NA,19.9,245
2006-09-03,NA,20.1,246
2006-09-04,NA,20.4,247
2006-09-05,NA,20.6,248
2006-09-06,NA,20.6,249
2006-09-07,NA,20.5,250
2006-09-08,NA,20.5,251
2006-09-09,NA,20.3,252
2006-09-10,NA,20.1,253
2006-09-11,NA,20.1,254
2006-09-12,NA,20.1,255
2006-09-13,NA,19.9,256
2006-09-14,NA,19.4,257
2006-09-15,NA,19.1,258
2006-09-16,NA,19.1,259
2006-09-17,NA,19,260
2006-09-18,NA,19,261
2006-09-19,NA,18.8,262
2006-09-20,NA,18.7,263
2006-09-21,NA,NA,264
2006-09-22,NA,NA,265
2006-09-23,NA,NA,266
2006-09-24,NA,NA,267
2006-09-25,NA,NA,268
2006-09-26,NA,NA,269
2006-09-27,NA,NA,270
2006-09-28,NA,NA,271
2006-09-29,NA,NA,272
2006-09-30,NA,NA,273
2006-10-01,NA,NA,274
2006-10-02,NA,NA,275
2006-10-03,NA,NA,276
2006-10-04,NA,NA,277
2006-10-05,NA,NA,278
2006-10-06,NA,NA,279
2006-10-07,NA,NA,280
2006-10-08,NA,NA,281
2006-10-09,NA,NA,282
2006-10-10,NA,NA,283
2006-10-11,NA,NA,284
2006-10-12,NA,NA,285
2006-10-13,NA,NA,286
2006-10-14,NA,NA,287
2006-10-15,NA,NA,288
2006-10-16,NA,NA,289
2006-10-17,NA,NA,290
2006-10-18,NA,NA,291
2006-10-19,NA,NA,292
2006-10-20,NA,NA,293
2006-10-21,NA,NA,294
2006-10-22,NA,NA,295
2006-10-23,NA,NA,296
2006-10-24,NA,NA,297
2006-10-25,NA,NA,298
2006-10-26,NA,NA,299
2006-10-27,NA,NA,300
2006-10-28,NA,NA,301
2006-10-29,NA,NA,302
2006-10-30,NA,NA,303
2006-10-31,NA,NA,304
2006-11-01,NA,NA,305
2006-11-02,NA,NA,306
2006-11-03,NA,NA,307
2006-11-04,NA,NA,308
2006-11-05,NA,NA,309
2006-11-06,NA,NA,310
2006-11-07,NA,NA,311
2006-11-08,NA,NA,312
2006-11-09,NA,NA,313
2006-11-10,NA,NA,314
2006-11-11,NA,NA,315
2006-11-12,NA,NA,316
2006-11-13,NA,NA,317
2006-11-14,NA,NA,318
2006-11-15,NA,NA,319
2006-11-16,NA,NA,320
2006-11-17,NA,NA,321
2006-11-18,NA,NA,322
2006-11-19,NA,NA,323
2006-11-20,NA,NA,324
2006-11-21,NA,NA,325
2006-11-22,NA,NA,326
2006-11-23,NA,NA,327
2006-11-24,NA,NA,328
2006-11-25,NA,NA,329
2006-11-26,NA,NA,330
2006-11-27,NA,NA,331
2006-11-28,NA,NA,332
2006-11-29,NA,NA,333
2006-11-30,NA,NA,334
2006-12-01,NA,NA,335
2006-12-02,NA,NA,336
2006-12-03,NA,NA,337
2006-12-04,NA,NA,338
2006-12-05,NA,NA,339
2006-12-06,NA,NA,340
2006-12-07,NA,NA,341
2006-12-08,NA,NA,342
2006-12-09,NA,NA,343
2006-12-10,NA,NA,344
2006-12-11,NA,NA,345
2006-12-12,NA,NA,346
2006-12-13,NA,NA,347
2006-12-14,NA,NA,348
2006-12-15,NA,NA,349
2006-12-16,NA,NA,350
2006-12-17,NA,NA,351
2006-12-18,NA,NA,352
2006-12-19,NA,NA,353
2006-12-20,NA,NA,354
2006-12-21,NA,NA,355
2006-12-22,NA,NA,356
2006-12-23,NA,NA,357
2006-12-24,NA,NA,358
2006-12-25,NA,NA,359
2006-12-26,NA,NA,360
2006-12-27,NA,NA,361
2006-12-28,NA,NA,362
2006-12-29,NA,NA,363
2006-12-30,NA,NA,364
2006-12-31,NA,NA,365
NA,NA,NA,NA
NA,NA,NA,NA
NA,NA,NA,NA
NA,NA,NA,NA
NA,NA,NA,NA
NA,NA,NA,NA
NA,NA,NA,NA
NA,NA,NA,NA
NA,NA,NA,NA
NA,NA,NA,NA
NA,NA,NA,NA
NA,NA,NA,NA
NA,NA,NA,NA
NA,NA,NA,NA
NA,NA,NA,NA
NA,NA,NA,NA
NA,NA,NA,NA
NA,NA,NA,NA
NA,NA,NA,NA
NA,NA,NA,NA
NA,NA,NA,NA
NA,NA,NA,NA
2005-01-01,NA,6,1
2005-01-02,NA,6,2
2005-01-03,NA,5.7,3
2005-01-04,NA,5.4,4
2005-01-05,NA,5.1,5
2005-01-06,NA,5,6
2005-01-07,NA,5,7
2005-01-08,NA,4.8,8
2005-01-09,NA,4.7,9
2005-01-10,NA,4.6,10
2005-01-11,NA,4.4,11
2005-01-12,NA,4.4,12
2005-01-13,NA,4.5,13
2005-01-14,NA,4.2,14
2005-01-15,NA,3.4,15
2005-01-16,NA,2.9,16
2005-01-17,NA,2.8,17
2005-01-18,NA,2.9,18
2005-01-19,NA,3.2,19
2005-01-20,NA,3.3,20
2005-01-21,NA,3.4,21
2005-01-22,NA,3.6,22
2005-01-23,NA,3.6,23
2005-01-24,NA,3.5,24
2005-01-25,NA,3.4,25
2005-01-26,NA,3.2,26
2005-01-27,NA,3.2,27
2005-01-28,NA,3.2,28
2005-01-29,NA,3.2,29
2005-01-30,NA,3.2,30
2005-01-31,NA,3.3,31
2005-02-01,NA,3.5,32
2005-02-02,NA,3.5,33
2005-02-03,NA,3.7,34
2005-02-04,NA,3.9,35
2005-02-05,NA,4.1,36
2005-02-06,NA,4.1,37
2005-02-07,NA,4.2,38
2005-02-08,NA,4.1,39
2005-02-09,NA,4.1,40
2005-02-10,NA,4.2,41
2005-02-11,NA,4.2,42
2005-02-12,NA,4.3,43
2005-02-13,NA,4.4,44
2005-02-14,NA,4.4,45
2005-02-15,NA,4.4,46
2005-02-16,NA,4.3,47
2005-02-17,NA,4.2,48
2005-02-18,NA,4.1,49
2005-02-19,NA,4.1,50
2005-02-20,NA,4.2,51
2005-02-21,NA,4.3,52
2005-02-22,NA,4.3,53
2005-02-23,NA,4.3,54
2005-02-24,NA,4.3,55
2005-02-25,NA,4.3,56
2005-02-26,NA,4.4,57
2005-02-27,NA,4.5,58
2005-02-28,NA,4.5,59
2005-03-01,NA,4.6,60
2005-03-02,NA,4.8,61
2005-03-03,NA,4.8,62
2005-03-04,NA,4.8,63
2005-03-05,NA,4.9,64
2005-03-06,NA,5,65
2005-03-07,NA,5.1,66
2005-03-08,NA,5.4,67
2005-03-09,NA,5.6,68
2005-03-10,NA,5.9,69
2005-03-11,NA,6.1,70
2005-03-12,NA,6.3,71
2005-03-13,NA,6.4,72
2005-03-14,NA,6.4,73
2005-03-15,NA,6.5,74
2005-03-16,NA,6.6,75
2005-03-17,NA,6.7,76
2005-03-18,NA,6.8,77
2005-03-19,NA,6.8,78
2005-03-20,NA,6.8,79
2005-03-21,NA,6.9,80
2005-03-22,NA,6.9,81
2005-03-23,NA,7,82
2005-03-24,NA,7.2,83
2005-03-25,NA,7.4,84
2005-03-26,NA,7.4,85
2005-03-27,NA,7.4,86
2005-03-28,NA,7.4,87
2005-03-29,NA,7.4,88
2005-03-30,NA,7.3,89
2005-03-31,NA,7.5,90
2005-04-01,NA,7.6,91
2005-04-02,NA,7.6,92
2005-04-03,NA,7.6,93
2005-04-04,NA,7.7,94
2005-04-05,NA,7.8,95
2005-04-06,NA,7.9,96
2005-04-07,NA,8.1,97
2005-04-08,NA,8.1,98
2005-04-09,NA,8.1,99
2005-04-10,NA,8.2,100
2005-04-11,NA,8.4,101
2005-04-12,NA,8.5,102
2005-04-13,NA,8.7,103
2005-04-14,NA,8.8,104
2005-04-15,NA,9,105
2005-04-16,NA,9.1,106
2005-04-17,NA,9.2,107
2005-04-18,NA,9.4,108
2005-04-19,NA,9.6,109
2005-04-20,NA,9.8,110
2005-04-21,NA,10.1,111
2005-04-22,NA,10.4,112
2005-04-23,NA,10.5,113
2005-04-24,NA,10.6,114
2005-04-25,NA,10.7,115
2005-04-26,NA,11,116
2005-04-27,NA,11.3,117
2005-04-28,NA,11.5,118
2005-04-29,NA,11.5,119
2005-04-30,NA,11.4,120
2005-05-01,1,11.6,121
2005-05-02,NA,11.9,122
2005-05-03,NA,12.3,123
2005-05-04,4,12.8,124
2005-05-05,4,12.9,125
2005-05-06,5,12.9,126
2005-05-07,37,13,127
2005-05-08,14,13.2,128
2005-05-09,8,13.2,129
2005-05-10,1,13.1,130
2005-05-11,10,13.4,131
2005-05-12,397,13.5,132
2005-05-13,786,13.7,133
2005-05-14,263,13.8,134
2005-05-15,204,13.8,135
2005-05-16,59,13.8,136
2005-05-17,3653,13.9,137
2005-05-18,7570,14,138
2005-05-19,4931,14,139
2005-05-20,5868,14,140
2005-05-21,12241,14,141
2005-05-22,12023,13.8,142
2005-05-23,13065,13.9,143
2005-05-24,26661,14,144
2005-05-25,25853,14,145
2005-05-26,17299,14.2,146
2005-05-27,21827,14.5,147
2005-05-28,49778,14.7,148
2005-05-29,16843,14.9,149
2005-05-30,47605,15,150
2005-05-31,21223,15.1,151
2005-06-01,21323,15.2,152
2005-06-02,66068,15.2,153
2005-06-03,55265,15.2,154
2005-06-04,89126,15.2,155
2005-06-05,167397,15.3,156
2005-06-06,62694,15.3,157
2005-06-07,107879,15.4,158
2005-06-08,171400,15.5,159
2005-06-09,274992,15.9,160
2005-06-10,214775,16,161
2005-06-11,351862,16,162
2005-06-12,183012,15.8,163
2005-06-13,173919,15.9,164
2005-06-14,130351,16,165
2005-06-15,165546,16.1,166
2005-06-16,126605,16.4,167
2005-06-17,93936,16.4,168
2005-06-18,208761,16.7,169
2005-06-19,215295,16.9,170
2005-06-20,177412,17.3,171
2005-06-21,144260,17.5,172
2005-06-22,48020,17.5,173
2005-06-23,60123,17.7,174
2005-06-24,129354,17.6,175
2005-06-25,63816,17.6,176
2005-06-26,90175,17.8,177
2005-06-27,60656,17.8,178
2005-06-28,53125,17.7,179
2005-06-29,30638,17.9,180
2005-06-30,30615,18.5,181
2005-07-01,37837,18.9,182
2005-07-02,23863,18.7,183
2005-07-03,20985,18.6,184
2005-07-04,20114,18.6,185
2005-07-05,13346,18.9,186
2005-07-06,12647,19.1,187
2005-07-07,11382,19.2,188
2005-07-08,6387,19.2,189
2005-07-09,5482,19,190
2005-07-10,4486,19.1,191
2005-07-11,4939,19.3,192
2005-07-12,4760,19.8,193
2005-07-13,2513,19.9,194
2005-07-14,1237,19.9,195
2005-07-15,1867,20,196
2005-07-16,1911,20.1,197
2005-07-17,626,20.3,198
2005-07-18,1153,20.6,199
2005-07-19,773,20.7,200
2005-07-20,816,20.6,201
2005-07-21,925,20.7,202
2005-07-22,799,20.8,203
2005-07-23,656,20.9,204
2005-07-24,531,20.9,205
2005-07-25,290,20.8,206
2005-07-26,343,21,207
2005-07-27,619,21.3,208
2005-07-28,413,21.5,209
2005-07-29,292,21.6,210
2005-07-30,369,21.8,211
2005-07-31,242,21.9,212
2005-08-01,492,21.8,213
2005-08-02,62,21.7,214
2005-08-03,254,21.7,215
2005-08-04,230,21.8,216
2005-08-05,105,22,217
2005-08-06,80,22.2,218
2005-08-07,198,22.1,219
2005-08-08,125,22.1,220
2005-08-09,114,22,221
2005-08-10,138,21.7,222
2005-08-11,77,21.6,223
2005-08-12,127,21.4,224
2005-08-13,132,21.4,225
2005-08-14,53,21.7,226
2005-08-15,44,22,227
2005-08-16,78,22,228
2005-08-17,71,21.7,229
2005-08-18,63,21.7,230
2005-08-19,28,21.8,231
2005-08-20,34,21.7,232
2005-08-21,12,21.8,233
2005-08-22,49,21.7,234
2005-08-23,36,21.3,235
2005-08-24,38,21.2,236
2005-08-25,13,21.1,237
2005-08-26,16,21.1,238
2005-08-27,49,21.2,239
2005-08-28,63,21.2,240
2005-08-29,49,21.1,241
2005-08-30,33,20.9,242
2005-08-31,30,20.8,243
2005-09-01,NA,21,244
2005-09-02,NA,20.9,245
2005-09-03,NA,20.7,246
2005-09-04,NA,20.6,247
2005-09-05,NA,20.5,248
2005-09-06,NA,20.5,249
2005-09-07,NA,20.6,250
2005-09-08,NA,20.6,251
2005-09-09,NA,20.3,252
2005-09-10,NA,19.8,253
2005-09-11,NA,19.8,254
2005-09-12,NA,19.8,255
2005-09-13,NA,19.7,256
2005-09-14,NA,19.6,257
2005-09-15,NA,19.3,258
2005-09-16,NA,19,259
2005-09-17,NA,18.8,260
2005-09-18,NA,18.6,261
2005-09-19,NA,18.7,262
2005-09-20,NA,18.7,263
2005-09-21,NA,18.5,264
2005-09-22,NA,18.2,265
2005-09-23,NA,18.2,266
2005-09-24,NA,18.1,267
2005-09-25,NA,17.9,268
2005-09-26,NA,17.9,269
2005-09-27,NA,17.9,270
2005-09-28,NA,17.9,271
2005-09-29,NA,17.9,272
2005-09-30,NA,17.9,273
2005-10-01,NA,17.9,274
2005-10-02,NA,17.7,275
2005-10-03,NA,17.4,276
2005-10-04,NA,17.2,277
2005-10-05,NA,17.2,278
2005-10-06,NA,17,279
2005-10-07,NA,17.1,280
2005-10-08,NA,17.2,281
2005-10-09,NA,17.1,282
2005-10-10,NA,16.9,283
2005-10-11,NA,16.8,284
2005-10-12,NA,16.7,285
2005-10-13,NA,16.5,286
2005-10-14,NA,16.2,287
2005-10-15,NA,16.1,288
2005-10-16,NA,16.2,289
2005-10-17,NA,16.1,290
2005-10-18,NA,16.2,291
2005-10-19,NA,16.2,292
2005-10-20,NA,16.2,293
2005-10-21,NA,16,294
2005-10-22,NA,15.7,295
2005-10-23,NA,15.7,296
2005-10-24,NA,15.9,297
2005-10-25,NA,15.9,298
2005-10-26,NA,15.7,299
2005-10-27,NA,15.4,300
2005-10-28,NA,15.1,301
2005-10-29,NA,15.1,302
2005-10-30,NA,15,303
2005-10-31,NA,14.8,304
2005-11-01,NA,14.6,305
2005-11-02,NA,14.4,306
2005-11-03,NA,14.1,307
2005-11-04,NA,13.8,308
2005-11-05,NA,13.5,309
2005-11-06,NA,13.1,310
2005-11-07,NA,13,311
2005-11-08,NA,12.9,312
2005-11-09,NA,12.5,313
2005-11-10,NA,12.3,314
2005-11-11,NA,12.3,315
2005-11-12,NA,12.1,316
2005-11-13,NA,12,317
2005-11-14,NA,11.8,318
2005-11-15,NA,11.4,319
2005-11-16,NA,11.1,320
2005-11-17,NA,10.9,321
2005-11-18,NA,10.5,322
2005-11-19,NA,10.1,323
2005-11-20,NA,10,324
2005-11-21,NA,9.7,325
2005-11-22,NA,9.4,326
2005-11-23,NA,9.2,327
2005-11-24,NA,8.9,328
2005-11-25,NA,8.9,329
2005-11-26,NA,9.1,330
2005-11-27,NA,9,331
2005-11-28,NA,8.7,332
2005-11-29,NA,8.3,333
2005-11-30,NA,8.2,334
2005-12-01,NA,8.1,335
2005-12-02,NA,7.9,336
2005-12-03,NA,7.9,337
2005-12-04,NA,7.8,338
2005-12-05,NA,7.7,339
2005-12-06,NA,7.5,340
2005-12-07,NA,7,341
2005-12-08,NA,6.5,342
2005-12-09,NA,6.1,343
2005-12-10,NA,5.9,344
2005-12-11,NA,5.6,345
2005-12-12,NA,5.4,346
2005-12-13,NA,5.5,347
2005-12-14,NA,5.3,348
2005-12-15,NA,4.8,349
2005-12-16,NA,4.5,350
2005-12-17,NA,4.4,351
2005-12-18,NA,4.2,352
2005-12-19,NA,3.9,353
2005-12-20,NA,3.8,354
2005-12-21,NA,3.9,355
2005-12-22,NA,3.9,356
2005-12-23,NA,3.9,357
2005-12-24,NA,4.1,358
2005-12-25,NA,4.1,359
2005-12-26,NA,4.2,360
2005-12-27,NA,4.3,361
2005-12-28,NA,4.3,362
2005-12-29,NA,4.4,363
2005-12-30,NA,4.3,364
2005-12-31,NA,4.3,365
NA,NA,NA,NA
NA,NA,NA,NA
NA,NA,NA,NA
NA,NA,NA,NA
NA,NA,NA,NA
NA,NA,NA,NA
NA,NA,NA,NA
NA,NA,NA,NA
NA,NA,NA,NA
NA,NA,NA,NA
NA,NA,NA,NA
NA,NA,NA,NA
NA,NA,NA,NA
NA,NA,NA,NA
NA,NA,NA,NA
NA,NA,NA,NA
NA,NA,NA,NA
NA,NA,NA,NA
NA,NA,NA,NA
NA,NA,NA,NA
NA,NA,NA,NA
NA,NA,NA,NA
2004-01-01,NA,5,1
2004-01-02,NA,4.9,2
2004-01-03,NA,4.8,3
2004-01-04,NA,4.3,4
2004-01-05,NA,3.5,5
2004-01-06,NA,2.9,6
2004-01-07,NA,2.6,7
2004-01-08,NA,2.6,8
2004-01-09,NA,2.5,9
2004-01-10,NA,2.6,10
2004-01-11,NA,2.6,11
2004-01-12,NA,2.6,12
2004-01-13,NA,2.6,13
2004-01-14,NA,2.4,14
2004-01-15,NA,2.4,15
2004-01-16,NA,2.3,16
2004-01-17,NA,2.3,17
2004-01-18,NA,2.2,18
2004-01-19,NA,2.2,19
2004-01-20,NA,2.2,20
2004-01-21,NA,2.2,21
2004-01-22,NA,2.3,22
2004-01-23,NA,2.3,23
2004-01-24,NA,2.5,24
2004-01-25,NA,2.6,25
2004-01-26,NA,2.8,26
2004-01-27,NA,2.9,27
2004-01-28,NA,3.1,28
2004-01-29,NA,3.5,29
2004-01-30,NA,3.8,30
2004-01-31,NA,3.8,31
2004-02-01,NA,3.8,32
2004-02-02,NA,3.9,33
2004-02-03,NA,3.7,34
2004-02-04,NA,3.8,35
2004-02-05,NA,4,36
2004-02-06,NA,4.1,37
2004-02-07,NA,4.1,38
2004-02-08,NA,4.2,39
2004-02-09,NA,4.3,40
2004-02-10,NA,4.3,41
2004-02-11,NA,4.2,42
2004-02-12,NA,4.2,43
2004-02-13,NA,4.1,44
2004-02-14,NA,4.1,45
2004-02-15,NA,4.2,46
2004-02-16,NA,4.2,47
2004-02-17,NA,4,48
2004-02-18,NA,4,49
2004-02-19,NA,4.1,50
2004-02-20,NA,4.2,51
2004-02-21,NA,4.3,52
2004-02-22,NA,4.3,53
2004-02-23,NA,4.3,54
2004-02-24,NA,4.2,55
2004-02-25,NA,4.3,56
2004-02-26,NA,4.3,57
2004-02-27,NA,4.4,58
2004-02-28,NA,4.5,59
2004-02-29,NA,4.7,60
2004-03-01,NA,4.9,61
2004-03-02,NA,5,62
2004-03-03,NA,5,63
2004-03-04,NA,5,64
2004-03-05,NA,NA,65
2004-03-06,NA,NA,66
2004-03-07,NA,NA,67
2004-03-08,NA,5.8,68
2004-03-09,NA,5.8,69
2004-03-10,NA,5.9,70
2004-03-11,NA,6.2,71
2004-03-12,NA,6.3,72
2004-03-13,NA,6.4,73
2004-03-14,NA,6.4,74
2004-03-15,NA,6.6,75
2004-03-16,NA,6.9,76
2004-03-17,NA,7,77
2004-03-18,NA,7.2,78
2004-03-19,NA,7,79
2004-03-20,NA,7,80
2004-03-21,NA,7.2,81
2004-03-22,NA,7.4,82
2004-03-23,NA,7.8,83
2004-03-24,NA,8.2,84
2004-03-25,NA,8.2,85
2004-03-26,NA,8.1,86
2004-03-27,NA,8.1,87
2004-03-28,NA,8.2,88
2004-03-29,NA,8.5,89
2004-03-30,NA,8.7,90
2004-03-31,NA,8.6,91
2004-04-01,NA,8.8,92
2004-04-02,NA,8.9,93
2004-04-03,NA,9.1,94
2004-04-04,NA,9.3,95
2004-04-05,NA,9.5,96
2004-04-06,NA,9.7,97
2004-04-07,NA,9.9,98
2004-04-08,NA,10,99
2004-04-09,NA,10.1,100
2004-04-10,NA,10.3,101
2004-04-11,NA,10.4,102
2004-04-12,NA,10.6,103
2004-04-13,NA,10.9,104
2004-04-14,NA,11,105
2004-04-15,NA,10.9,106
2004-04-16,NA,10.7,107
2004-04-17,NA,10.9,108
2004-04-18,NA,11,109
2004-04-19,NA,11.1,110
2004-04-20,NA,11.1,111
2004-04-21,NA,11.2,112
2004-04-22,NA,11.5,113
2004-04-23,NA,11.6,114
2004-04-24,NA,11.5,115
2004-04-25,NA,11.7,116
2004-04-26,NA,12,117
2004-04-27,NA,12.2,118
2004-04-28,NA,12.1,119
2004-04-29,NA,12.2,120
2004-04-30,NA,12.2,121
2004-05-01,NA,12.3,122
2004-05-02,NA,12.6,123
2004-05-03,1,12.9,124
2004-05-04,NA,13.1,125
2004-05-05,2,13,126
2004-05-06,2,13,127
2004-05-07,2,13.1,128
2004-05-08,NA,13.4,129
2004-05-09,176,13.7,130
2004-05-10,82,13.8,131
2004-05-11,50,13.6,132
2004-05-12,181,13.7,133
2004-05-13,99,13.9,134
2004-05-14,98,14,135
2004-05-15,604,14,136
2004-05-16,2440,14.1,137
2004-05-17,6268,14.1,138
2004-05-18,6987,14.1,139
2004-05-19,10455,14,140
2004-05-20,12112,14.3,141
2004-05-21,15819,14.2,142
2004-05-22,10420,14,143
2004-05-23,12607,14.1,144
2004-05-24,40735,14.5,145
2004-05-25,31951,14.6,146
2004-05-26,38545,14.7,147
2004-05-27,132862,14.8,148
2004-05-28,108386,14.5,149
2004-05-29,45834,14.3,150
2004-05-30,60325,14.5,151
2004-05-31,125206,14.5,152
2004-06-01,148667,14.7,153
2004-06-02,193966,14.9,154
2004-06-03,250608,15.2,155
2004-06-04,245222,15.3,156
2004-06-05,206660,15.5,157
2004-06-06,92779,15.3,158
2004-06-07,168741,15.2,159
2004-06-08,249897,15.3,160
2004-06-09,244280,15.4,161
2004-06-10,245495,15.5,162
2004-06-11,172652,15.3,163
2004-06-12,191158,15.2,164
2004-06-13,203837,15.1,165
2004-06-14,110778,15.1,166
2004-06-15,88743,15.2,167
2004-06-16,137616,15.4,168
2004-06-17,172155,15.8,169
2004-06-18,239539,16.2,170
2004-06-19,236645,16.5,171
2004-06-20,159034,16.9,172
2004-06-21,215308,17.3,173
2004-06-22,205679,17.6,174
2004-06-23,144590,17.7,175
2004-06-24,72365,18,176
2004-06-25,41924,18.1,177
2004-06-26,18647,18.2,178
2004-06-27,15247,18.3,179
2004-06-28,31283,18.5,180
2004-06-29,30508,18.8,181
2004-06-30,10377,18.9,182
2004-07-01,8973,19.2,183
2004-07-02,21353,19.3,184
2004-07-03,15727,19.5,185
2004-07-04,4096,19.5,186
2004-07-05,4688,19.4,187
2004-07-06,4435,19.7,188
2004-07-07,3785,19.7,189
2004-07-08,11309,19.6,190
2004-07-09,9631,19.6,191
2004-07-10,8185,19.6,192
2004-07-11,4485,19.8,193
2004-07-12,3308,20.1,194
2004-07-13,2651,20.5,195
2004-07-14,3504,20.7,196
2004-07-15,4147,20.9,197
2004-07-16,5724,21,198
2004-07-17,6624,21,199
2004-07-18,3607,21.1,200
2004-07-19,2420,21.1,201
2004-07-20,2567,21.1,202
2004-07-21,2254,21.2,203
2004-07-22,1722,21.3,204
2004-07-23,838,21.5,205
2004-07-24,1516,21.7,206
2004-07-25,837,21.9,207
2004-07-26,689,21.8,208
2004-07-27,870,21.8,209
2004-07-28,915,22.1,210
2004-07-29,590,22,211
2004-07-30,510,22.1,212
2004-07-31,276,22.1,213
2004-08-01,524,22.1,214
2004-08-02,526,22.1,215
2004-08-03,522,21.9,216
2004-08-04,451,22.1,217
2004-08-05,630,22.1,218
2004-08-06,526,22,219
2004-08-07,304,21.8,220
2004-08-08,159,22,221
2004-08-09,349,22,222
2004-08-10,143,22.4,223
2004-08-11,139,22.8,224
2004-08-12,292,23,225
2004-08-13,422,23.2,226
2004-08-14,399,23.1,227
2004-08-15,94,22.9,228
2004-08-16,162,22.7,229
2004-08-17,108,22.6,230
2004-08-18,65,22.5,231
2004-08-19,126,22.5,232
2004-08-20,96,22.6,233
2004-08-21,126,22.7,234
2004-08-22,62,22.7,235
2004-08-23,45,22.3,236
2004-08-24,113,22,237
2004-08-25,113,21.6,238
2004-08-26,61,21.5,239
2004-08-27,122,21.5,240
2004-08-28,25,21.7,241
2004-08-29,40,21.7,242
2004-08-30,24,21.7,243
2004-08-31,24,21.8,244
2004-09-01,NA,21.6,245
2004-09-02,NA,20.8,246
2004-09-03,NA,20.4,247
2004-09-04,NA,20.2,248
2004-09-05,NA,19.8,249
2004-09-06,NA,19.8,250
2004-09-07,NA,19.9,251
2004-09-08,NA,19.9,252
2004-09-09,NA,19.8,253
2004-09-10,NA,19.8,254
2004-09-11,NA,20,255
2004-09-12,NA,20,256
2004-09-13,NA,19.7,257
2004-09-14,NA,19.3,258
2004-09-15,NA,19.3,259
2004-09-16,NA,19.2,260
2004-09-17,NA,18.9,261
2004-09-18,NA,18.7,262
2004-09-19,NA,18.6,263
2004-09-20,NA,18.5,264
2004-09-21,NA,18.3,265
2004-09-22,NA,18.2,266
2004-09-23,NA,18.1,267
2004-09-24,NA,18,268
2004-09-25,NA,18.2,269
2004-09-26,NA,18.3,270
2004-09-27,NA,18.3,271
2004-09-28,NA,18.3,272
2004-09-29,NA,18.3,273
2004-09-30,NA,18.1,274
2004-10-01,NA,17.9,275
2004-10-02,NA,17.7,276
2004-10-03,NA,17.7,277
2004-10-04,NA,17.7,278
2004-10-05,NA,17.8,279
2004-10-06,NA,18,280
2004-10-07,NA,17.9,281
2004-10-08,NA,17.9,282
2004-10-09,NA,17.7,283
2004-10-10,NA,17.5,284
2004-10-11,NA,17.3,285
2004-10-12,NA,17.3,286
2004-10-13,NA,17.4,287
2004-10-14,NA,17.3,288
2004-10-15,NA,17.3,289
2004-10-16,NA,17.4,290
2004-10-17,NA,17.3,291
2004-10-18,NA,16.9,292
2004-10-19,NA,16.5,293
2004-10-20,NA,16.5,294
2004-10-21,NA,16.3,295
2004-10-22,NA,16,296
2004-10-23,NA,15.7,297
2004-10-24,NA,15.5,298
2004-10-25,NA,15.2,299
2004-10-26,NA,14.8,300
2004-10-27,NA,14.8,301
2004-10-28,NA,14.6,302
2004-10-29,NA,14.2,303
2004-10-30,NA,14,304
2004-10-31,NA,13.6,305
2004-11-01,NA,13.3,306
2004-11-02,NA,13.1,307
2004-11-03,NA,12.9,308
2004-11-04,NA,12.4,309
2004-11-05,NA,12,310
2004-11-06,NA,11.8,311
2004-11-07,NA,11.8,312
2004-11-08,NA,11.7,313
2004-11-09,NA,11.6,314
2004-11-10,NA,11.6,315
2004-11-11,NA,11.6,316
2004-11-12,NA,11.4,317
2004-11-13,NA,11.2,318
2004-11-14,NA,11.1,319
2004-11-15,NA,11.1,320
2004-11-16,NA,11.1,321
2004-11-17,NA,11,322
2004-11-18,NA,10.9,323
2004-11-19,NA,10.6,324
2004-11-20,NA,10.4,325
2004-11-21,NA,10.2,326
2004-11-22,NA,10,327
2004-11-23,NA,9.9,328
2004-11-24,NA,10.1,329
2004-11-25,NA,10.2,330
2004-11-26,NA,10,331
2004-11-27,NA,9.8,332
2004-11-28,NA,9.6,333
2004-11-29,NA,9.3,334
2004-11-30,NA,9,335
2004-12-01,NA,9.1,336
2004-12-02,NA,9.1,337
2004-12-03,NA,9,338
2004-12-04,NA,8.9,339
2004-12-05,NA,8.9,340
2004-12-06,NA,8.7,341
2004-12-07,NA,8.5,342
2004-12-08,NA,8.4,343
2004-12-09,NA,8.4,344
2004-12-10,NA,8.5,345
2004-12-11,NA,8.7,346
2004-12-12,NA,8.4,347
2004-12-13,NA,7.8,348
2004-12-14,NA,7.8,349
2004-12-15,NA,7.9,350
2004-12-16,NA,7.7,351
2004-12-17,NA,7.6,352
2004-12-18,NA,7.5,353
2004-12-19,NA,7.5,354
2004-12-20,NA,7.5,355
2004-12-21,NA,7.4,356
2004-12-22,NA,7.3,357
2004-12-23,NA,7.3,358
2004-12-24,NA,7.3,359
2004-12-25,NA,7.1,360
2004-12-26,NA,6.9,361
2004-12-27,NA,6.7,362
2004-12-28,NA,6.4,363
2004-12-29,NA,6.3,364
2004-12-30,NA,6.2,365
2004-12-31,NA,6.1,366
NA,NA,NA,NA
NA,NA,NA,NA
NA,NA,NA,NA
NA,NA,NA,NA
NA,NA,NA,NA
NA,NA,NA,NA
NA,NA,NA,NA
NA,NA,NA,NA
NA,NA,NA,NA
NA,NA,NA,NA
NA,NA,NA,NA
NA,NA,NA,NA
NA,NA,NA,NA
NA,NA,NA,NA
NA,NA,NA,NA
NA,NA,NA,NA
NA,NA,NA,NA
NA,NA,NA,NA
NA,NA,NA,NA
NA,NA,NA,NA
NA,NA,NA,NA
NA,NA,NA,NA
NA,NA,NA,NA
2003-01-01,NA,6.7,1
2003-01-02,NA,6.7,2
2003-01-03,NA,6.7,3
2003-01-04,NA,6.7,4
2003-01-05,NA,6.7,5
2003-01-06,NA,6.5,6
2003-01-07,NA,6.2,7
2003-01-08,NA,6.1,8
2003-01-09,NA,5.9,9
2003-01-10,NA,5.8,10
2003-01-11,NA,5.7,11
2003-01-12,NA,5.7,12
2003-01-13,NA,5.8,13
2003-01-14,NA,5.9,14
2003-01-15,NA,6,15
2003-01-16,NA,6.1,16
2003-01-17,NA,6.1,17
2003-01-18,NA,5.9,18
2003-01-19,NA,5.8,19
2003-01-20,NA,5.8,20
2003-01-21,NA,5.7,21
2003-01-22,NA,5.5,22
2003-01-23,NA,5.5,23
2003-01-24,NA,5.6,24
2003-01-25,NA,5.6,25
2003-01-26,NA,5.7,26
2003-01-27,NA,6,27
2003-01-28,NA,5.9,28
2003-01-29,NA,5.8,29
2003-01-30,NA,5.8,30
2003-01-31,NA,6,31
2003-02-01,NA,6,32
2003-02-02,NA,5.9,33
2003-02-03,NA,5.9,34
2003-02-04,NA,5.8,35
2003-02-05,NA,5.6,36
2003-02-06,NA,5.5,37
2003-02-07,NA,5.4,38
2003-02-08,NA,5.4,39
2003-02-09,NA,5.5,40
2003-02-10,NA,5.6,41
2003-02-11,NA,5.7,42
2003-02-12,NA,5.7,43
2003-02-13,NA,5.7,44
2003-02-14,NA,5.8,45
2003-02-15,NA,5.8,46
2003-02-16,NA,5.8,47
2003-02-17,NA,5.8,48
2003-02-18,NA,5.8,49
2003-02-19,NA,5.9,50
2003-02-20,NA,6,51
2003-02-21,NA,6.1,52
2003-02-22,NA,6.2,53
2003-02-23,NA,6.1,54
2003-02-24,NA,5.7,55
2003-02-25,NA,5.3,56
2003-02-26,NA,5.3,57
2003-02-27,NA,5.4,58
2003-02-28,NA,5.5,59
2003-03-01,NA,5.7,60
2003-03-02,NA,5.8,61
2003-03-03,NA,5.9,62
2003-03-04,NA,6.1,63
2003-03-05,NA,6.2,64
2003-03-06,NA,6.4,65
2003-03-07,NA,6.2,66
2003-03-08,NA,6.1,67
2003-03-09,NA,6.2,68
2003-03-10,NA,6.5,69
2003-03-11,NA,6.7,70
2003-03-12,NA,6.9,71
2003-03-13,NA,6.9,72
2003-03-14,NA,6.9,73
2003-03-15,NA,7,74
2003-03-16,NA,7.3,75
2003-03-17,NA,7.3,76
2003-03-18,NA,7.3,77
2003-03-19,NA,7.3,78
2003-03-20,NA,7.4,79
2003-03-21,NA,7.6,80
2003-03-22,NA,7.8,81
2003-03-23,NA,7.9,82
2003-03-24,NA,7.9,83
2003-03-25,NA,8,84
2003-03-26,NA,8,85
2003-03-27,NA,8.1,86
2003-03-28,NA,8.4,87
2003-03-29,NA,8.5,88
2003-03-30,NA,8.7,89
2003-03-31,NA,8.9,90
2003-04-01,NA,8.9,91
2003-04-02,NA,8.8,92
2003-04-03,NA,8.6,93
2003-04-04,NA,8.6,94
2003-04-05,NA,8.6,95
2003-04-06,NA,8.6,96
2003-04-07,NA,8.7,97
2003-04-08,NA,8.8,98
2003-04-09,NA,9.1,99
2003-04-10,NA,9.3,100
2003-04-11,NA,9.4,101
2003-04-12,NA,9.5,102
2003-04-13,NA,9.7,103
2003-04-14,NA,9.9,104
2003-04-15,NA,10.1,105
2003-04-16,NA,10.2,106
2003-04-17,NA,10.1,107
2003-04-18,NA,10.2,108
2003-04-19,NA,10.3,109
2003-04-20,NA,10.5,110
2003-04-21,NA,10.6,111
2003-04-22,NA,10.7,112
2003-04-23,NA,10.9,113
2003-04-24,NA,10.8,114
2003-04-25,NA,10.6,115
2003-04-26,NA,10.6,116
2003-04-27,NA,10.7,117
2003-04-28,NA,10.7,118
2003-04-29,NA,10.8,119
2003-04-30,NA,11.1,120
2003-05-01,NA,11.3,121
2003-05-02,NA,11.5,122
2003-05-03,NA,11.4,123
2003-05-04,NA,11.3,124
2003-05-05,NA,11.3,125
2003-05-06,NA,11.4,126
2003-05-07,NA,11.4,127
2003-05-08,NA,11.6,128
2003-05-09,2,11.6,129
2003-05-10,NA,11.6,130
2003-05-11,NA,11.8,131
2003-05-12,NA,11.9,132
2003-05-13,6,12.2,133
2003-05-14,37,12.4,134
2003-05-15,12,12.3,135
2003-05-16,NA,12.1,136
2003-05-17,8,12.1,137
2003-05-18,37,12.1,138
2003-05-19,890,12.2,139
2003-05-20,3036,12.5,140
2003-05-21,4573,12.8,141
2003-05-22,15040,13,142
2003-05-23,12876,13.2,143
2003-05-24,11104,13.3,144
2003-05-25,9239,13.5,145
2003-05-26,30148,13.5,146
2003-05-27,37670,13.5,147
2003-05-28,42914,13.9,148
2003-05-29,61417,14.1,149
2003-05-30,65687,14.3,150
2003-05-31,125569,14.4,151
2003-06-01,185667,14.6,152
2003-06-02,94367,14.7,153
2003-06-03,66446,14.8,154
2003-06-04,112135,15,155
2003-06-05,504724,15.4,156
2003-06-06,520664,15.9,157
2003-06-07,324718,16,158
2003-06-08,171420,16.1,159
2003-06-09,285277,16,160
2003-06-10,165828,16,161
2003-06-11,72234,16.1,162
2003-06-12,73944,16.3,163
2003-06-13,211217,16.4,164
2003-06-14,209300,16.4,165
2003-06-15,68079,16.6,166
2003-06-16,64106,16.8,167
2003-06-17,227962,17.2,168
2003-06-18,190434,17.3,169
2003-06-19,40164,17.1,170
2003-06-20,26457,16.7,171
2003-06-21,57402,16.5,172
2003-06-22,36334,16.3,173
2003-06-23,31821,16.4,174
2003-06-24,35285,16.6,175
2003-06-25,43276,16.9,176
2003-06-26,39250,17.2,177
2003-06-27,56562,17.5,178
2003-06-28,46272,17.8,179
2003-06-29,42351,17.9,180
2003-06-30,22168,18.1,181
2003-07-01,16047,18.1,182
2003-07-02,11788,18,183
2003-07-03,9475,18,184
2003-07-04,8155,18.1,185
2003-07-05,5808,18.3,186
2003-07-06,6750,18.6,187
2003-07-07,7846,18.8,188
2003-07-08,5676,18.8,189
2003-07-09,4117,19,190
2003-07-10,5760,19.4,191
2003-07-11,4169,19.5,192
2003-07-12,3502,19.9,193
2003-07-13,3924,20.1,194
2003-07-14,2242,20.2,195
2003-07-15,1789,20.3,196
2003-07-16,1218,20.3,197
2003-07-17,688,20.4,198
2003-07-18,1023,20.6,199
2003-07-19,863,20.8,200
2003-07-20,1151,21,201
2003-07-21,578,21.5,202
2003-07-22,750,21.7,203
2003-07-23,665,21.4,204
2003-07-24,701,21.3,205
2003-07-25,720,21.2,206
2003-07-26,687,21.1,207
2003-07-27,307,21.2,208
2003-07-28,590,21.7,209
2003-07-29,361,22.1,210
2003-07-30,568,22.4,211
2003-07-31,308,22.5,212
2003-08-01,408,22.2,213
2003-08-02,208,22,214
2003-08-03,686,21.9,215
2003-08-04,223,21.8,216
2003-08-05,530,21.9,217
2003-08-06,270,21.9,218
2003-08-07,212,22,219
2003-08-08,143,22.3,220
2003-08-09,192,22.3,221
2003-08-10,166,22.1,222
2003-08-11,192,22.1,223
2003-08-12,99,22.1,224
2003-08-13,25,22,225
2003-08-14,158,22,226
2003-08-15,82,22,227
2003-08-16,70,21.8,228
2003-08-17,62,21.8,229
2003-08-18,62,22,230
2003-08-19,40,22,231
2003-08-20,43,21.7,232
2003-08-21,45,22,233
2003-08-22,97,21.9,234
2003-08-23,45,21.4,235
2003-08-24,16,21.5,236
2003-08-25,17,21.6,237
2003-08-26,19,21.6,238
2003-08-27,14,21.5,239
2003-08-28,13,21.5,240
2003-08-29,29,21.6,241
2003-08-30,18,21.7,242
2003-08-31,11,21.6,243
2003-09-01,NA,21.5,244
2003-09-02,NA,21.4,245
2003-09-03,NA,21.3,246
2003-09-04,NA,21.6,247
2003-09-05,NA,21.8,248
2003-09-06,NA,21.8,249
2003-09-07,NA,21.6,250
2003-09-08,NA,21.2,251
2003-09-09,NA,20.8,252
2003-09-10,NA,20.6,253
2003-09-11,NA,20.4,254
2003-09-12,NA,20.3,255
2003-09-13,NA,19.9,256
2003-09-14,NA,19.7,257
2003-09-15,NA,19.7,258
2003-09-16,NA,19.6,259
2003-09-17,NA,19.1,260
2003-09-18,NA,19.1,261
2003-09-19,NA,19.3,262
2003-09-20,NA,19.1,263
2003-09-21,NA,19,264
2003-09-22,NA,19,265
2003-09-23,NA,19.1,266
2003-09-24,NA,19.2,267
2003-09-25,NA,19.1,268
2003-09-26,NA,19.3,269
2003-09-27,NA,19.3,270
2003-09-28,NA,19.3,271
2003-09-29,NA,19.2,272
2003-09-30,NA,19.1,273
2003-10-01,NA,18.9,274
2003-10-02,NA,18.8,275
2003-10-03,NA,18.8,276
2003-10-04,NA,18.8,277
2003-10-05,NA,18.7,278
2003-10-06,NA,18.6,279
2003-10-07,NA,18.5,280
2003-10-08,NA,18.3,281
2003-10-09,NA,18.1,282
2003-10-10,NA,17.9,283
2003-10-11,NA,17.6,284
2003-10-12,NA,17.3,285
2003-10-13,NA,17,286
2003-10-14,NA,16.9,287
2003-10-15,NA,16.7,288
2003-10-16,NA,16.8,289
2003-10-17,NA,16.8,290
2003-10-18,NA,16.9,291
2003-10-19,NA,17,292
2003-10-20,NA,16.9,293
2003-10-21,NA,17,294
2003-10-22,NA,17.1,295
2003-10-23,NA,16.9,296
2003-10-24,NA,16.3,297
2003-10-25,NA,15.8,298
2003-10-26,NA,15.4,299
2003-10-27,NA,15.3,300
2003-10-28,NA,15.5,301
2003-10-29,NA,15.2,302
2003-10-30,NA,14.6,303
2003-10-31,NA,13.7,304
2003-11-01,NA,13.5,305
2003-11-02,NA,13.4,306
2003-11-03,NA,12.6,307
2003-11-04,NA,12.6,308
2003-11-05,NA,12.2,309
2003-11-06,NA,11.8,310
2003-11-07,NA,11.6,311
2003-11-08,NA,11.3,312
2003-11-09,NA,11.1,313
2003-11-10,NA,11.1,314
2003-11-11,NA,10.9,315
2003-11-12,NA,10.6,316
2003-11-13,NA,10.2,317
2003-11-14,NA,10.2,318
2003-11-15,NA,10.1,319
2003-11-16,NA,9.9,320
2003-11-17,NA,9.6,321
2003-11-18,NA,9.5,322
2003-11-19,NA,9.6,323
2003-11-20,NA,9.2,324
2003-11-21,NA,9,325
2003-11-22,NA,8.9,326
2003-11-23,NA,8.5,327
2003-11-24,NA,8.4,328
2003-11-25,NA,8.4,329
2003-11-26,NA,8.3,330
2003-11-27,NA,8.3,331
2003-11-28,NA,8.2,332
2003-11-29,NA,8.4,333
2003-11-30,NA,8.4,334
2003-12-01,NA,8.1,335
2003-12-02,NA,7.9,336
2003-12-03,NA,8,337
2003-12-04,NA,7.8,338
2003-12-05,NA,7.5,339
2003-12-06,NA,7.6,340
2003-12-07,NA,7.7,341
2003-12-08,NA,7.6,342
2003-12-09,NA,7.5,343
2003-12-10,NA,7.3,344
2003-12-11,NA,7.3,345
2003-12-12,NA,7.1,346
2003-12-13,NA,7.1,347
2003-12-14,NA,7,348
2003-12-15,NA,7,349
2003-12-16,NA,7,350
2003-12-17,NA,7,351
2003-12-18,NA,6.7,352
2003-12-19,NA,6.5,353
2003-12-20,NA,6.4,354
2003-12-21,NA,6.6,355
2003-12-22,NA,6.5,356
2003-12-23,NA,6.3,357
2003-12-24,NA,6.2,358
2003-12-25,NA,6.3,359
2003-12-26,NA,6.2,360
2003-12-27,NA,6.1,361
2003-12-28,NA,6,362
2003-12-29,NA,5.8,363
2003-12-30,NA,5.5,364
2003-12-31,NA,5.3,365
NA,NA,NA,NA
NA,NA,NA,NA
NA,NA,NA,NA
NA,NA,NA,NA
NA,NA,NA,NA
NA,NA,NA,NA
NA,NA,NA,NA
NA,NA,NA,NA
NA,NA,NA,NA
NA,NA,NA,NA
NA,NA,NA,NA
NA,NA,NA,NA
NA,NA,NA,NA
NA,NA,NA,NA
NA,NA,NA,NA
NA,NA,NA,NA
NA,NA,NA,NA
NA,NA,NA,NA
NA,NA,NA,NA
NA,NA,NA,NA
NA,NA,NA,NA
NA,NA,NA,NA
2002-03-15,NA,5.5,74
2002-03-16,NA,NA,75
2002-03-17,NA,NA,76
2002-03-18,NA,5.4,77
2002-03-19,NA,5.4,78
2002-03-20,NA,5.6,79
2002-03-21,NA,5.5,80
2002-03-22,NA,5.3,81
2002-03-23,NA,5.6,82
2002-03-24,NA,5.8,83
2002-03-25,NA,6.1,84
2002-03-26,NA,6.3,85
2002-03-27,NA,6.4,86
2002-03-28,NA,6.5,87
2002-03-29,NA,6.6,88
2002-03-30,NA,6.8,89
2002-03-31,NA,6.9,90
2002-04-01,NA,7,91
2002-04-02,NA,7,92
2002-04-03,NA,7,93
2002-04-04,NA,7.2,94
2002-04-05,NA,7.3,95
2002-04-06,NA,7.4,96
2002-04-07,NA,7.7,97
2002-04-08,NA,7.9,98
2002-04-09,NA,8.3,99
2002-04-10,NA,8.4,100
2002-04-11,NA,8.6,101
2002-04-12,NA,8.8,102
2002-04-13,NA,9.2,103
2002-04-14,NA,9.5,104
2002-04-15,NA,9.5,105
2002-04-16,NA,9.5,106
2002-04-17,NA,9.6,107
2002-04-18,NA,9.9,108
2002-04-19,NA,10,109
2002-04-20,NA,10,110
2002-04-21,NA,10,111
2002-04-22,NA,10,112
2002-04-23,NA,9.9,113
2002-04-24,NA,9.8,114
2002-04-25,NA,9.9,115
2002-04-26,NA,9.8,116
2002-04-27,NA,9.8,117
2002-04-28,NA,10,118
2002-04-29,NA,10.2,119
2002-04-30,NA,10.3,120
2002-05-01,NA,10.5,121
2002-05-02,NA,10.6,122
2002-05-03,NA,10.5,123
2002-05-04,2,10.5,124
2002-05-05,NA,10.4,125
2002-05-06,NA,10.3,126
2002-05-07,NA,10.2,127
2002-05-08,NA,10.5,128
2002-05-09,1,10.7,129
2002-05-10,NA,10.8,130
2002-05-11,18,11.1,131
2002-05-12,90,11.4,132
2002-05-13,250,11.5,133
2002-05-14,207,11.4,134
2002-05-15,71,11.2,135
2002-05-16,219,11.8,136
2002-05-17,903,12.1,137
2002-05-18,2205,12.3,138
2002-05-19,4298,12.6,139
2002-05-20,6935,12.7,140
2002-05-21,12191,12.8,141
2002-05-22,9251,13,142
2002-05-23,4047,13,143
2002-05-24,4335,13.2,144
2002-05-25,38380,13.5,145
2002-05-26,36162,13.7,146
2002-05-27,43368,13.7,147
2002-05-28,16292,13.7,148
2002-05-29,42721,13.7,149
2002-05-30,64246,14,150
2002-05-31,96419,14.3,151
2002-06-01,71593,14.5,152
2002-06-02,61764,14.5,153
2002-06-03,78390,14.7,154
2002-06-04,117485,14.9,155
2002-06-05,104036,14.9,156
2002-06-06,51727,14.6,157
2002-06-07,49287,14.3,158
2002-06-08,45545,14.2,159
2002-06-09,212826,14.5,160
2002-06-10,137815,14.6,161
2002-06-11,113352,14.8,162
2002-06-12,85897,14.8,163
2002-06-13,116879,14.9,164
2002-06-14,175476,15,165
2002-06-15,138043,15.2,166
2002-06-16,71106,15.2,167
2002-06-17,117358,15.2,168
2002-06-18,133630,15.4,169
2002-06-19,63993,15.6,170
2002-06-20,116763,15.8,171
2002-06-21,91331,16,172
2002-06-22,117870,16.4,173
2002-06-23,112076,16.5,174
2002-06-24,55957,16.6,175
2002-06-25,52412,16.6,176
2002-06-26,69022,16.9,177
2002-06-27,32253,17,178
2002-06-28,24668,17,179
2002-06-29,22762,17,180
2002-06-30,29456,17.3,181
2002-07-01,16605,17.6,182
2002-07-02,21106,17.7,183
2002-07-03,9218,17.7,184
2002-07-04,8595,17.6,185
2002-07-05,10829,17.5,186
2002-07-06,10603,17.7,187
2002-07-07,6523,17.8,188
2002-07-08,2131,17.8,189
2002-07-09,1737,17.8,190
2002-07-10,1907,17.9,191
2002-07-11,2160,18.2,192
2002-07-12,4458,18.6,193
2002-07-13,4881,18.8,194
2002-07-14,1342,18.7,195
2002-07-15,1186,18.8,196
2002-07-16,1159,19,197
2002-07-17,1061,19.3,198
2002-07-18,1562,19.7,199
2002-07-19,1004,19.9,200
2002-07-20,666,19.9,201
2002-07-21,359,20.1,202
2002-07-22,542,20.4,203
2002-07-23,278,20.6,204
2002-07-24,158,20.8,205
2002-07-25,157,20.9,206
2002-07-26,165,20.8,207
2002-07-27,107,20.4,208
2002-07-28,43,20.2,209
2002-07-29,88,20.3,210
2002-07-30,84,20.7,211
2002-07-31,66,20.7,212
2002-08-01,33,20.7,213
2002-08-02,31,20.6,214
2002-08-03,18,20.4,215
2002-08-04,25,20.4,216
2002-08-05,38,20.1,217
2002-08-06,20,20.2,218
2002-08-07,24,20.1,219
2002-08-08,42,20.2,220
2002-08-09,16,20.4,221
2002-08-10,25,20.6,222
2002-08-11,17,20.6,223
2002-08-12,3,20.7,224
2002-08-13,NA,20.7,225
2002-08-14,8,20.8,226
2002-08-15,6,20.9,227
2002-08-16,1,20.9,228
2002-08-17,4,20.9,229
2002-08-18,2,20.8,230
2002-08-19,7,20.7,231
2002-08-20,6,20.5,232
2002-08-21,4,20.2,233
2002-08-22,6,20.1,234
2002-08-23,4,20.3,235
2002-08-24,7,20.6,236
2002-08-25,26,20.7,237
2002-08-26,10,20.7,238
2002-08-27,10,20.6,239
2002-08-28,NA,20.9,240
2002-08-29,NA,21,241
2002-08-30,NA,20.8,242
2002-08-31,NA,20.6,243
2002-09-01,NA,20.5,244
2002-09-02,NA,20.6,245
2002-09-03,NA,20.5,246
2002-09-04,NA,20.4,247
2002-09-05,NA,20.2,248
2002-09-06,NA,20,249
2002-09-07,NA,19.7,250
2002-09-08,NA,19.4,251
2002-09-09,NA,19.5,252
2002-09-10,NA,19.5,253
2002-09-11,NA,19.9,254
2002-09-12,NA,19.2,255
2002-09-13,NA,20.2,256
2002-09-14,NA,20.3,257
2002-09-15,NA,20.2,258
2002-09-16,NA,19.9,259
2002-09-17,NA,18.8,260
2002-09-18,NA,19.4,261
2002-09-19,NA,19.2,262
2002-09-20,NA,19,263
2002-09-21,NA,18.9,264
2002-09-22,NA,18.7,265
2002-09-23,NA,18.7,266
2002-09-24,NA,19,267
2002-09-25,NA,19.2,268
2002-09-26,NA,19.1,269
2002-09-27,NA,19,270
2002-09-28,NA,18.9,271
2002-09-29,NA,17.2,272
2002-09-30,NA,18.2,273
2002-10-01,NA,17.9,274
2002-10-02,NA,17.7,275
2002-10-03,NA,17.5,276
2002-10-04,NA,17.2,277
2002-10-05,NA,16.9,278
2002-10-06,NA,16.9,279
2002-10-07,NA,16.9,280
2002-10-08,NA,16.8,281
2002-10-09,NA,16.9,282
2002-10-10,NA,16.6,283
2002-10-11,NA,16.2,284
2002-10-12,NA,15.7,285
2002-10-13,NA,15.2,286
2002-10-14,NA,15,287
2002-10-15,NA,14.7,288
2002-10-16,NA,14.8,289
2002-10-17,NA,14.9,290
2002-10-18,NA,15.1,291
2002-10-19,NA,15.3,292
2002-10-20,NA,15.3,293
2002-10-21,NA,15.3,294
2002-10-22,NA,15.3,295
2002-10-23,NA,15.1,296
2002-10-24,NA,14.6,297
2002-10-25,NA,14.3,298
2002-10-26,NA,14.2,299
2002-10-27,NA,14.1,300
2002-10-28,NA,13.9,301
2002-10-29,NA,13.7,302
2002-10-30,NA,13,303
2002-10-31,NA,NA,304
2002-11-01,NA,11.6,305
2002-11-02,NA,11.4,306
2002-11-03,NA,NA,307
2002-11-04,NA,11.1,308
2002-11-05,NA,11.2,309
2002-11-06,NA,11,310
2002-11-07,NA,10.8,311
2002-11-08,NA,11.1,312
2002-11-09,NA,11.2,313
2002-11-10,NA,11,314
2002-11-11,NA,10.9,315
2002-11-12,NA,10.8,316
2002-11-13,NA,10.8,317
2002-11-14,NA,10.8,318
2002-11-15,NA,10.5,319
NA,NA,NA,NA
NA,NA,NA,NA
NA,NA,NA,NA
NA,NA,NA,NA
NA,NA,NA,NA
NA,NA,NA,NA
NA,NA,NA,NA
NA,NA,NA,NA
NA,NA,NA,NA
NA,NA,NA,NA
NA,NA,NA,NA
NA,NA,NA,NA
NA,NA,NA,NA
NA,NA,NA,NA
NA,NA,NA,NA
NA,NA,NA,NA
NA,NA,NA,NA
NA,NA,NA,NA
NA,NA,NA,NA
NA,NA,NA,NA
NA,NA,NA,NA
NA,NA,NA,NA
2001-03-15,NA,6.1,74
2001-03-16,NA,6,75
2001-03-17,NA,6,76
2001-03-18,NA,6,77
2001-03-19,NA,6.2,78
2001-03-20,NA,6.4,79
2001-03-21,NA,6.6,80
2001-03-22,NA,6.8,81
2001-03-23,NA,7,82
2001-03-24,NA,7.1,83
2001-03-25,NA,7.3,84
2001-03-26,NA,7.5,85
2001-03-27,NA,7.5,86
2001-03-28,NA,7.5,87
2001-03-29,NA,7.7,88
2001-03-30,NA,7.7,89
2001-03-31,NA,7.9,90
2001-04-01,NA,8.2,91
2001-04-02,NA,8.2,92
2001-04-03,NA,8.1,93
2001-04-04,NA,8.2,94
2001-04-05,NA,8.3,95
2001-04-06,NA,8.3,96
2001-04-07,NA,8.3,97
2001-04-08,NA,8.3,98
2001-04-09,NA,8.4,99
2001-04-10,NA,8.4,100
2001-04-11,NA,8.4,101
2001-04-12,NA,8.4,102
2001-04-13,NA,8.4,103
2001-04-14,NA,8.4,104
2001-04-15,NA,8.4,105
2001-04-16,NA,8.5,106
2001-04-17,NA,8.8,107
2001-04-18,NA,9,108
2001-04-19,NA,9.2,109
2001-04-20,NA,9.4,110
2001-04-21,NA,9.5,111
2001-04-22,NA,9.6,112
2001-04-23,NA,9.6,113
2001-04-24,NA,9.8,114
2001-04-25,NA,10.1,115
2001-04-26,NA,10.6,116
2001-04-27,2,10.9,117
2001-04-28,NA,11.1,118
2001-04-29,2,11.2,119
2001-04-30,5,11.2,120
2001-05-01,1,10.8,121
2001-05-02,NA,10.3,122
2001-05-03,NA,11.3,123
2001-05-04,10,11.7,124
2001-05-05,26,11.9,125
2001-05-06,9,12.1,126
2001-05-07,85,12.5,127
2001-05-08,187,12.7,128
2001-05-09,347,13.2,129
2001-05-10,363,12.9,130
2001-05-11,546,13.2,131
2001-05-12,306,13.5,132
2001-05-13,684,13.6,133
2001-05-14,4252,13.7,134
2001-05-15,1601,13.5,135
2001-05-16,10823,13.4,136
2001-05-17,2648,13.3,137
2001-05-18,2168,13.5,138
2001-05-19,4707,13.7,139
2001-05-20,4534,13.9,140
2001-05-21,7004,14.4,141
2001-05-22,25792,15,142
2001-05-23,29256,15.4,143
2001-05-24,77691,15.9,144
2001-05-25,50521,16.2,145
2001-05-26,72388,16.4,146
2001-05-27,87846,16.3,147
2001-05-28,69550,15.9,148
2001-05-29,47609,15.7,149
2001-05-30,84698,15.8,150
2001-05-31,118452,16,151
2001-06-01,144306,16.4,152
2001-06-02,44467,16.4,153
2001-06-03,40489,16.3,154
2001-06-04,85595,16.3,155
2001-06-05,107466,16.2,156
2001-06-06,63884,16,157
2001-06-07,97764,16.4,158
2001-06-08,122785,16.8,159
2001-06-09,99139,17.1,160
2001-06-10,60070,17,161
2001-06-11,55073,16.9,162
2001-06-12,13737,16.1,163
2001-06-13,14662,15.8,164
2001-06-14,66170,16,165
2001-06-15,55044,16.1,166
2001-06-16,83059,16.4,167
2001-06-17,70608,16.5,168
2001-06-18,40142,16.4,169
2001-06-19,44392,16.7,170
2001-06-20,55340,17,171
2001-06-21,34501,17.3,172
2001-06-22,34994,17.6,173
2001-06-23,20667,17.6,174
2001-06-24,17250,17.5,175
2001-06-25,14449,17.3,176
2001-06-26,16796,17.4,177
2001-06-27,14099,17.5,178
2001-06-28,16850,17.6,179
2001-06-29,8062,17.8,180
2001-06-30,8779,18.1,181
2001-07-01,3000,18.2,182
2001-07-02,3804,18.3,183
2001-07-03,5969,18.5,184
2001-07-04,6566,18.9,185
2001-07-05,2936,18.8,186
2001-07-06,1678,18.6,187
2001-07-07,1083,18.6,188
2001-07-08,1001,18.8,189
2001-07-09,1413,19.1,190
2001-07-10,1969,19.5,191
2001-07-11,1321,19.6,192
2001-07-12,1099,19.8,193
2001-07-13,533,20,194
2001-07-14,530,19.9,195
2001-07-15,674,19.6,196
2001-07-16,613,19.1,197
2001-07-17,609,19,198
2001-07-18,910,19.1,199
2001-07-19,463,19.2,200
2001-07-20,398,19.3,201
2001-07-21,344,19.2,202
2001-07-22,327,19.2,203
2001-07-23,370,19.6,204
2001-07-24,314,20,205
2001-07-25,610,20.3,206
2001-07-26,597,20.4,207
2001-07-27,454,20.4,208
2001-07-28,678,20.4,209
2001-07-29,630,20.3,210
2001-07-30,448,20.1,211
2001-07-31,255,20.1,212
2001-08-01,161,20.1,213
2001-08-02,158,20.2,214
2001-08-03,153,20.3,215
2001-08-04,252,20.2,216
2001-08-05,86,20.2,217
2001-08-06,76,20.6,218
2001-08-07,48,21,219
2001-08-08,58,21.3,220
2001-08-09,60,21.4,221
2001-08-10,24,21.7,222
2001-08-11,36,21.9,223
2001-08-12,100,21.8,224
2001-08-13,86,21.8,225
2001-08-14,50,21.9,226
2001-08-15,59,21.9,227
2001-08-16,43,21.8,228
2001-08-17,14,21.7,229
2001-08-18,16,21.6,230
2001-08-19,21,21.4,231
2001-08-20,18,21.3,232
2001-08-21,15,21.1,233
2001-08-22,8,21,234
2001-08-23,16,21,235
2001-08-24,10,21.3,236
2001-08-25,8,21.4,237
2001-08-26,12,21.6,238
2001-08-27,20,21.9,239
2001-08-28,2,21.8,240
2001-08-29,1,21.9,241
2001-08-30,NA,21.9,242
2001-08-31,NA,21.7,243
2001-09-01,NA,21.5,244
2001-09-02,NA,21.4,245
2001-09-03,NA,21.3,246
2001-09-04,NA,21.1,247
2001-09-05,NA,20.7,248
2001-09-06,NA,20.2,249
2001-09-07,NA,19.7,250
2001-09-08,NA,19.6,251
2001-09-09,NA,19.7,252
2001-09-10,NA,19.8,253
2001-09-11,NA,19.1,254
2001-09-12,NA,20,255
2001-09-13,NA,20.3,256
2001-09-14,NA,20.6,257
2001-09-15,NA,20.7,258
2001-09-16,NA,20.7,259
2001-09-17,NA,20.3,260
2001-09-18,NA,19.8,261
2001-09-19,NA,19.5,262
2001-09-20,NA,19.2,263
2001-09-21,NA,19.2,264
2001-09-22,NA,19.1,265
2001-09-23,NA,19.1,266
2001-09-24,NA,19.2,267
2001-09-25,NA,19.4,268
2001-09-26,NA,19.4,269
2001-09-27,NA,19.1,270
2001-09-28,NA,19,271
2001-09-29,NA,18.9,272
2001-09-30,NA,18.7,273
2001-10-01,NA,18.4,274
2001-10-02,NA,18.5,275
2001-10-03,NA,18.6,276
2001-10-04,NA,18.4,277
2001-10-05,NA,17.8,278
2001-10-06,NA,17.7,279
2001-10-07,NA,17.7,280
2001-10-08,NA,17.6,281
2001-10-09,NA,17.3,282
2001-10-10,NA,16.9,283
2001-10-11,NA,16.6,284
2001-10-12,NA,16.4,285
2001-10-13,NA,16.2,286
2001-10-14,NA,15.9,287
2001-10-15,NA,15.7,288
2001-10-16,NA,15.6,289
2001-10-17,NA,15.5,290
2001-10-18,NA,15.5,291
2001-10-19,NA,15.4,292
2001-10-20,NA,15.3,293
2001-10-21,NA,15.1,294
2001-10-22,NA,14.7,295
2001-10-23,NA,14.3,296
2001-10-24,NA,13.8,297
2001-10-25,NA,13.8,298
2001-10-26,NA,13.7,299
2001-10-27,NA,13.7,300
2001-10-28,NA,13.4,301
2001-10-29,NA,13,302
2001-10-30,NA,12.9,303
2001-10-31,NA,12.8,304
2001-11-01,NA,12.8,305
2001-11-02,NA,12.8,306
2001-11-03,NA,12.8,307
2001-11-04,NA,12.8,308
2001-11-05,NA,12.7,309
2001-11-06,NA,12.4,310
2001-11-07,NA,12.1,311
2001-11-08,NA,11.7,312
2001-11-09,NA,11.3,313
2001-11-10,NA,11,314
2001-11-11,NA,10.8,315
2001-11-12,NA,10.6,316
2001-11-13,NA,10.8,317
2001-11-14,NA,10.9,318
2001-11-15,NA,11,319
NA,NA,NA,NA
NA,NA,NA,NA
NA,NA,NA,NA
NA,NA,NA,NA
NA,NA,NA,NA
NA,NA,NA,NA
NA,NA,NA,NA
NA,NA,NA,NA
NA,NA,NA,NA
NA,NA,NA,NA
NA,NA,NA,NA
NA,NA,NA,NA
NA,NA,NA,NA
NA,NA,NA,NA
NA,NA,NA,NA
NA,NA,NA,NA
NA,NA,NA,NA
NA,NA,NA,NA
NA,NA,NA,NA
NA,NA,NA,NA
NA,NA,NA,NA
NA,NA,NA,NA
2000-03-15,NA,6.3,75
2000-03-16,NA,6.4,76
2000-03-17,NA,6.3,77
2000-03-18,NA,6.3,78
2000-03-19,NA,6.4,79
2000-03-20,NA,6.4,80
2000-03-21,NA,6.7,81
2000-03-22,NA,6.9,82
2000-03-23,NA,7,83
2000-03-24,NA,7.1,84
2000-03-25,NA,7.1,85
2000-03-26,NA,7.2,86
2000-03-27,NA,7.3,87
2000-03-28,NA,7.3,88
2000-03-29,NA,7.4,89
2000-03-30,NA,7.6,90
2000-03-31,NA,7.8,91
2000-04-01,NA,8.1,92
2000-04-02,NA,8.4,93
2000-04-03,NA,8.6,94
2000-04-04,NA,8.8,95
2000-04-05,NA,8.7,96
2000-04-06,NA,8.7,97
2000-04-07,NA,8.8,98
2000-04-08,NA,9,99
2000-04-09,NA,9.3,100
2000-04-10,NA,9.5,101
2000-04-11,NA,9.8,102
2000-04-12,NA,10.1,103
2000-04-13,NA,10.3,104
2000-04-14,NA,10.2,105
2000-04-15,NA,10,106
2000-04-16,NA,10.3,107
2000-04-17,NA,10.4,108
2000-04-18,NA,10.7,109
2000-04-19,NA,10.8,110
2000-04-20,NA,10.9,111
2000-04-21,NA,11.1,112
2000-04-22,NA,11.2,113
2000-04-23,NA,11.1,114
2000-04-24,1,10.9,115
2000-04-25,NA,10.8,116
2000-04-26,NA,10.9,117
2000-04-27,4,10.9,118
2000-04-28,1,10.9,119
2000-04-29,NA,10.9,120
2000-04-30,NA,10.9,121
2000-05-01,NA,11.1,122
2000-05-02,2,11.3,123
2000-05-03,2,11.3,124
2000-05-04,6,11.4,125
2000-05-05,36,11.6,126
2000-05-06,23,11.8,127
2000-05-07,50,12.1,128
2000-05-08,134,12.2,129
2000-05-09,61,12.3,130
2000-05-10,68,12.1,131
2000-05-11,32,11.9,132
2000-05-12,55,11.9,133
2000-05-13,115,12.2,134
2000-05-14,568,12.4,135
2000-05-15,2075,12.7,136
2000-05-16,2048,12.8,137
2000-05-17,1063,12.8,138
2000-05-18,1697,12.8,139
2000-05-19,4540,13.1,140
2000-05-20,7733,13.4,141
2000-05-21,8317,13.7,142
2000-05-22,14439,14.1,143
2000-05-23,22614,14.3,144
2000-05-24,26921,14.7,145
2000-05-25,24599,14.7,146
2000-05-26,16619,14.7,147
2000-05-27,13527,14.8,148
2000-05-28,21379,14.9,149
2000-05-29,17040,15,150
2000-05-30,19222,15,151
2000-05-31,24359,14.7,152
2000-06-01,33022,14.7,153
2000-06-02,71836,15.1,154
2000-06-03,54037,15.2,155
2000-06-04,28923,15.4,156
2000-06-05,37483,15.6,157
2000-06-06,43097,15.5,158
2000-06-07,35814,15.5,159
2000-06-08,35401,15.4,160
2000-06-09,20751,15.4,161
2000-06-10,20287,15.4,162
2000-06-11,10489,15.4,163
2000-06-12,13327,15.4,164
2000-06-13,57103,15.6,165
2000-06-14,100900,16.1,166
2000-06-15,43412,16.4,167
2000-06-16,35300,16.4,168
2000-06-17,30868,16.5,169
2000-06-18,29820,16.6,170
2000-06-19,18036,16.5,171
2000-06-20,21415,16.5,172
2000-06-21,18429,16.7,173
2000-06-22,41683,16.9,174
2000-06-23,26250,17,175
2000-06-24,22037,17.2,176
2000-06-25,23465,17.6,177
2000-06-26,27883,18.1,178
2000-06-27,22063,18.5,179
2000-06-28,14518,19,180
2000-06-29,15031,19.3,181
2000-06-30,8907,19.1,182
2000-07-01,10415,18.8,183
2000-07-02,5639,18.6,184
2000-07-03,2671,18.2,185
2000-07-04,2004,18.2,186
2000-07-05,2940,18.3,187
2000-07-06,2174,18.5,188
2000-07-07,4943,18.9,189
2000-07-08,7409,19,190
2000-07-09,3468,18.9,191
2000-07-10,1544,18.9,192
2000-07-11,759,18.9,193
2000-07-12,746,18.9,194
2000-07-13,1207,19.3,195
2000-07-14,703,19.4,196
2000-07-15,648,19.3,197
2000-07-16,793,19.3,198
2000-07-17,705,19.5,199
2000-07-18,471,19.6,200
2000-07-19,477,19.7,201
2000-07-20,542,19.8,202
2000-07-21,535,20,203
2000-07-22,367,NA,204
2000-07-23,170,NA,205
2000-07-24,214,NA,206
2000-07-25,170,NA,207
2000-07-26,203,20.5,208
2000-07-27,151,20.5,209
2000-07-28,130,20.7,210
2000-07-29,118,21,211
2000-07-30,155,21.3,212
2000-07-31,87,21.6,213
2000-08-01,60,21.6,214
2000-08-02,83,21.4,215
2000-08-03,147,21.3,216
2000-08-04,59,21.4,217
2000-08-05,38,21.7,218
2000-08-06,46,21.9,219
2000-08-07,31,21.9,220
2000-08-08,34,21.8,221
2000-08-09,43,21.8,222
2000-08-10,41,21.7,223
2000-08-11,37,21.4,224
2000-08-12,23,21.2,225
2000-08-13,23,21,226
2000-08-14,29,20.8,227
2000-08-15,18,20.7,228
2000-08-16,21,20.6,229
2000-08-17,21,20.6,230
2000-08-18,14,20.4,231
2000-08-19,9,20.3,232
2000-08-20,4,20.2,233
2000-08-21,5,20.3,234
2000-08-22,6,20.3,235
2000-08-23,5,20.6,236
2000-08-24,5,20.6,237
2000-08-25,NA,20.6,238
2000-08-26,NA,20.5,239
2000-08-27,3,20.3,240
2000-08-28,1,20.1,241
2000-08-29,3,20,242
2000-08-30,5,20.1,243
2000-08-31,8,20.1,244
2000-09-01,NA,19.9,245
2000-09-02,NA,19.8,246
2000-09-03,NA,19.7,247
2000-09-04,NA,19.6,248
2000-09-05,NA,19.4,249
2000-09-06,NA,19.2,250
2000-09-07,NA,19.3,251
2000-09-08,NA,19.4,252
2000-09-09,NA,19.1,253
2000-09-10,NA,19,254
2000-09-11,NA,19.1,255
2000-09-12,NA,19.4,256
2000-09-13,NA,19.6,257
2000-09-14,NA,19.6,258
2000-09-15,NA,19.7,259
2000-09-16,NA,19.5,260
2000-09-17,NA,19.4,261
2000-09-18,NA,19.4,262
2000-09-19,NA,19.4,263
2000-09-20,NA,19.4,264
2000-09-21,NA,19.2,265
2000-09-22,NA,18.5,266
2000-09-23,NA,18.1,267
2000-09-24,NA,17.7,268
2000-09-25,NA,17.5,269
2000-09-26,NA,17.5,270
2000-09-27,NA,17.6,271
2000-09-28,NA,17.8,272
2000-09-29,NA,17.9,273
2000-09-30,NA,17.9,274
2000-10-01,NA,18.1,275
2000-10-02,NA,17.8,276
2000-10-03,NA,17.4,277
2000-10-04,NA,17.1,278
2000-10-05,NA,16.8,279
2000-10-06,NA,16.2,280
2000-10-07,NA,16.1,281
2000-10-08,NA,16.3,282
2000-10-09,NA,16.6,283
2000-10-10,NA,16.2,284
2000-10-11,NA,16,285
2000-10-12,NA,16,286
2000-10-13,NA,15.8,287
2000-10-14,NA,15.6,288
2000-10-15,NA,15.5,289
2000-10-16,NA,15.5,290
2000-10-17,NA,15.5,291
2000-10-18,NA,15.7,292
2000-10-19,NA,15.6,293
2000-10-20,NA,15.6,294
2000-10-21,NA,15.3,295
2000-10-22,NA,15,296
2000-10-23,NA,14.3,297
2000-10-24,NA,13.9,298
2000-10-25,NA,13.7,299
2000-10-26,NA,13.6,300
2000-10-27,NA,13.8,301
2000-10-28,NA,13.9,302
2000-10-29,NA,13.9,303
2000-10-30,NA,13.8,304
2000-10-31,NA,13.8,305
2000-11-01,NA,13.7,306
2000-11-02,NA,13.5,307
2000-11-03,NA,13.5,308
2000-11-04,NA,13.3,309
2000-11-05,NA,12.9,310
2000-11-06,NA,12.8,311
2000-11-07,NA,12.6,312
2000-11-08,NA,12.3,313
2000-11-09,NA,12.1,314
2000-11-10,NA,11.7,315
2000-11-11,NA,11.3,316
2000-11-12,NA,11.1,317
2000-11-13,NA,10.7,318
2000-11-14,NA,10.3,319
2000-11-15,NA,10.3,320
NA,NA,NA,NA
NA,NA,NA,NA
NA,NA,NA,NA
NA,NA,NA,NA
NA,NA,NA,NA
NA,NA,NA,NA
NA,NA,NA,NA
NA,NA,NA,NA
NA,NA,NA,NA
NA,NA,NA,NA
NA,NA,NA,NA
NA,NA,NA,NA
NA,NA,NA,NA
NA,NA,NA,NA
NA,NA,NA,NA
NA,NA,NA,NA
NA,NA,NA,NA
NA,NA,NA,NA
NA,NA,NA,NA
NA,NA,NA,NA
NA,NA,NA,NA
NA,NA,NA,NA
